districtid,cases
AP_Anantapur,156771.0
AP_Chittoor,234871.0
AP_East Godavari,282389.0
AP_Foreign Evacuees,455.0
AP_Guntur,170493.0
AP_Krishna,111599.0
AP_Kurnool,123572.0
AP_Prakasam,131787.0
AP_S.P.S. Nellore,137357.0
AP_Srikakulam,121390.0
AP_Visakhapatnam,153698.0
AP_Vizianagaram,81776.0
AP_West Godavari,171987.0
AP_Y.S.R. Kadapa,111606.0
AR_Anjaw,994.0
AR_Changlang,3655.0
AR_East Kameng,1071.0
AR_East Siang,2963.0
AR_Kamle,478.0
AR_Kra Daadi,260.0
AR_Kurung Kumey,507.0
AR_Lepa Rada,792.0
AR_Lohit,2688.0
AR_Longding,731.0
AR_Lower Dibang Valley,2168.0
AR_Lower Siang,709.0
AR_Lower Subansiri,2647.0
AR_Namsai,1969.0
AR_Pakke Kessang,396.0
AR_Papum Pare,17303.0
AR_Shi Yomi,224.0
AR_Siang,393.0
AR_Tawang,2299.0
AR_Tirap,1008.0
AR_Upper Dibang Valley,290.0
AR_Upper Siang,896.0
AR_Upper Subansiri,1914.0
AR_West Kameng,3207.0
AR_West Siang,1738.0
AS_Airport Quarantine,2099.0
BR_Araria,14963.0
BR_Arwal,7379.0
BR_Aurangabad,174621.0
BR_Banka,7379.0
BR_Begusarai,27183.0
BR_Bhagalpur,25827.0
BR_Bhojpur,10174.0
BR_Buxar,9248.0
BR_Darbhanga,10908.0
BR_East Champaran,19000.0
BR_Gaya,33940.0
BR_Gopalganj,16671.0
BR_Jamui,9413.0
BR_Jehanabad,10774.0
BR_Kaimur,4983.0
BR_Katihar,18129.0
BR_Khagaria,10057.0
BR_Kishanganj,10107.0
BR_Lakhisarai,7771.0
BR_Madhepura,12523.0
BR_Madhubani,18339.0
BR_Munger,15102.0
BR_Muzaffarpur,31382.0
BR_Nalanda,23424.0
BR_Nawada,10345.0
BR_Patna,146846.0
BR_Purnia,24413.0
BR_Rohtas,13962.0
BR_Saharsa,17592.0
BR_Samastipur,19988.0
BR_Saran,23267.0
BR_Sheikhpura,7690.0
BR_Sheohar,4397.0
BR_Sitamarhi,9174.0
BR_Siwan,15195.0
BR_Supaul,17205.0
BR_Vaishali,19809.0
BR_West Champaran,20886.0
CH_Chandigarh,62028.0
CT_Balod,27258.0
CT_Baloda Bazar,43007.0
CT_Balrampur,27767.0
CT_Bametara,19945.0
CT_Bastar,20953.0
CT_Bijapur,8269.0
CT_Bilaspur,78636.0
CT_Dakshin Bastar Dantewada,10754.0
CT_Dhamtari,27197.0
CT_Durg,96652.0
CT_Gariaband,19673.0
CT_Gaurela Pendra Marwahi,12006.0
CT_Janjgir Champa,57461.0
CT_Jashpur,26950.0
CT_Kabeerdham,22770.0
CT_Kondagaon,13072.0
CT_Korba,54592.0
CT_Koriya,26923.0
CT_Mahasamund,31324.0
CT_Mungeli,23893.0
CT_Narayanpur,4006.0
CT_Raigarh,62486.0
CT_Raipur,157803.0
CT_Rajnandgaon,56012.0
CT_Sukma,7975.0
CT_Surajpur,29016.0
CT_Surguja,33641.0
CT_Uttar Bastar Kanker,23542.0
DN_Dadra and Nagar Haveli,5905.0
DN_Daman,3535.0
DN_Diu,1218.0
GJ_Ahmedabad,238044.0
GJ_Amreli,10806.0
GJ_Anand,9624.0
GJ_Aravalli,5184.0
GJ_Banaskantha,13631.0
GJ_Bharuch,11425.0
GJ_Bhavnagar,21413.0
GJ_Botad,2218.0
GJ_Chhota Udaipur,3395.0
GJ_Dahod,9944.0
GJ_Dang,864.0
GJ_Devbhumi Dwarka,4173.0
GJ_Gandhinagar,20741.0
GJ_Gir Somnath,8557.0
GJ_Jamnagar,34951.0
GJ_Junagadh,20470.0
GJ_Kheda,10422.0
GJ_Kutch,12587.0
GJ_Mahisagar,8192.0
GJ_Mehsana,24414.0
GJ_Morbi,6502.0
GJ_Narmada,5952.0
GJ_Navsari,7156.0
GJ_Panchmahal,11770.0
GJ_Patan,11624.0
GJ_Porbandar,3477.0
GJ_Rajkot,57925.0
GJ_Sabarkantha,9314.0
GJ_Surat,143502.0
GJ_Surendranagar,8121.0
GJ_Tapi,4438.0
GJ_Vadodara,77924.0
GJ_Valsad,6244.0
HP_Bilaspur,78636.0
HP_Chamba,12993.0
HP_Hamirpur,20113.0
HP_Kangra,46992.0
HP_Kinnaur,3348.0
HP_Kullu,9321.0
HP_Lahaul and Spiti,2829.0
HP_Mandi,28890.0
HP_Shimla,26157.0
HP_Sirmaur,15404.0
HP_Solan,22476.0
HP_Una,13503.0
HR_Ambala,30105.0
HR_Bhiwani,22395.0
HR_Charkhi Dadri,5069.0
HR_Faridabad,99808.0
HR_Fatehabad,17861.0
HR_Foreign Evacuees,455.0
HR_Gurugram,180992.0
HR_Hisar,53979.0
HR_Jhajjar,18829.0
HR_Jind,21202.0
HR_Kaithal,11218.0
HR_Karnal,40000.0
HR_Kurukshetra,22116.0
HR_Mahendragarh,21687.0
HR_Nuh,5011.0
HR_Palwal,10984.0
HR_Panchkula,30658.0
HR_Panipat,31135.0
HR_Rewari,20304.0
HR_Rohtak,25879.0
HR_Sirsa,29257.0
HR_Sonipat,47126.0
HR_Yamunanagar,24571.0
JH_Bokaro,19415.0
JH_Chatra,6027.0
JH_Deoghar,10806.0
JH_Dhanbad,16519.0
JH_Dumka,4632.0
JH_East Singhbhum,51789.0
JH_Garhwa,6885.0
JH_Giridih,8959.0
JH_Godda,5836.0
JH_Gumla,9894.0
JH_Hazaribagh,19582.0
JH_Jamtara,5555.0
JH_Khunti,7787.0
JH_Koderma,12871.0
JH_Latehar,7864.0
JH_Lohardaga,6691.0
JH_Pakur,2550.0
JH_Palamu,12289.0
JH_Ramgarh,13901.0
JH_Ranchi,85489.0
JH_Sahibganj,4818.0
JH_Saraikela-Kharsawan,7204.0
JH_Simdega,7191.0
JH_West Singhbhum,13004.0
JK_Anantnag,16374.0
JK_Bandipora,9552.0
JK_Baramulla,23756.0
JK_Budgam,23013.0
JK_Doda,7405.0
JK_Ganderbal,10013.0
JK_Jammu,52907.0
JK_Kathua,9273.0
JK_Kishtwar,4707.0
JK_Kulgam,11326.0
JK_Kupwara,14151.0
JK_Pulwama,15255.0
JK_Punch,6289.0
JK_Rajouri,11022.0
JK_Ramban,5980.0
JK_Reasi,6424.0
JK_Samba,7130.0
JK_Shopiyan,5589.0
JK_Srinagar,71794.0
JK_Udhampur,11365.0
KA_Bagalkote,35136.0
KA_Ballari,97511.0
KA_Belagavi,78762.0
KA_Bengaluru Rural,61271.0
KA_Bengaluru Urban,1232597.0
KA_Bidar,24284.0
KA_Chamarajanagara,32638.0
KA_Chikkaballapura,43797.0
KA_Chikkamagaluru,49244.0
KA_Chitradurga,36163.0
KA_Dakshina Kannada,105533.0
KA_Davanagere,50543.0
KA_Dharwad,60620.0
KA_Gadag,26011.0
KA_Hassan,108159.0
KA_Haveri,21886.0
KA_Kalaburagi,61697.0
KA_Kodagu,34217.0
KA_Kolar,45970.0
KA_Koppal,35122.0
KA_Mandya,72612.0
KA_Mysuru,174533.0
KA_Raichur,39905.0
KA_Ramanagara,24056.0
KA_Shivamogga,67597.0
KA_Tumakuru,118577.0
KA_Udupi,71645.0
KA_Uttara Kannada,54230.0
KA_Vijayapura,36179.0
KA_Yadgir,27502.0
KL_Alappuzha,240519.0
KL_Ernakulam,437452.0
KL_Idukki,98133.0
KL_Kannur,203055.0
KL_Kasaragod,116396.0
KL_Kollam,288215.0
KL_Kottayam,235115.0
KL_Kozhikode,394973.0
KL_Malappuram,450082.0
KL_Palakkad,274982.0
KL_Pathanamthitta,138706.0
KL_Thiruvananthapuram,346041.0
KL_Thrissur,362333.0
KL_Wayanad,85539.0
LA_Kargil,3575.0
LA_Leh,16870.0
LD_Lakshadweep,10285.0
MH_Ahmednagar,297459.0
MH_Akola,58649.0
MH_Amravati,96024.0
MH_Aurangabad,174621.0
MH_Beed,99886.0
MH_Bhandara,60040.0
MH_Buldhana,84871.0
MH_Chandrapur,88711.0
MH_Dhule,46277.0
MH_Gadchiroli,30300.0
MH_Gondia,40535.0
MH_Hingoli,18424.0
MH_Jalgaon,139822.0
MH_Jalna,60344.0
MH_Kolhapur,200833.0
MH_Latur,91248.0
MH_Mumbai,739069.0
MH_Nagpur,493087.0
MH_Nanded,90666.0
MH_Nandurbar,39969.0
MH_Nashik,403968.0
MH_Osmanabad,65261.0
MH_Palghar,133958.0
MH_Parbhani,52283.0
MH_Pune,1103268.0
MH_Raigad,186255.0
MH_Ratnagiri,73923.0
MH_Sangli,194267.0
MH_Satara,228831.0
MH_Sindhudurg,49667.0
MH_Solapur,196264.0
MH_Thane,592750.0
MH_Wardha,58345.0
MH_Washim,41629.0
MH_Yavatmal,76223.0
ML_East Garo Hills,1771.0
ML_East Jaintia Hills,2244.0
ML_East Khasi Hills,34717.0
ML_North Garo Hills,1631.0
ML_Ribhoi,8472.0
ML_South Garo Hills,1169.0
ML_South West Garo Hills,1801.0
ML_South West Khasi Hills,2035.0
ML_West Garo Hills,8599.0
ML_West Jaintia Hills,5730.0
ML_West Khasi Hills,3219.0
MP_Agar Malwa,3303.0
MP_Alirajpur,3501.0
MP_Anuppur,9229.0
MP_Ashoknagar,3670.0
MP_Balaghat,9093.0
MP_Barwani,8363.0
MP_Betul,12901.0
MP_Bhind,2994.0
MP_Bhopal,123334.0
MP_Burhanpur,2568.0
MP_Chhatarpur,7607.0
MP_Chhindwara,6732.0
MP_Damoh,8120.0
MP_Datia,6958.0
MP_Dewas,7723.0
MP_Dhar,12533.0
MP_Dindori,4623.0
MP_Guna,5132.0
MP_Gwalior,53096.0
MP_Harda,5055.0
MP_Hoshangabad,10680.0
MP_Indore,153017.0
MP_Jabalpur,50645.0
MP_Jhabua,7688.0
MP_Katni,9365.0
MP_Khandwa,4040.0
MP_Khargone,13965.0
MP_Mandla,5188.0
MP_Mandsaur,8637.0
MP_Morena,8236.0
MP_Narsinghpur,11200.0
MP_Neemuch,7924.0
MP_Niwari,3711.0
MP_Panna,7319.0
MP_Raisen,9233.0
MP_Rajgarh,8700.0
MP_Ratlam,17855.0
MP_Rewa,16431.0
MP_Sagar,16593.0
MP_Satna,11965.0
MP_Sehore,10136.0
MP_Seoni,6774.0
MP_Shahdol,10080.0
MP_Shajapur,6349.0
MP_Sheopur,3998.0
MP_Shivpuri,12393.0
MP_Sidhi,9219.0
MP_Singrauli,8793.0
MP_Tikamgarh,6863.0
MP_Ujjain,18896.0
MP_Umaria,6293.0
MP_Vidisha,11918.0
MZ_Aizawl,32732.0
MZ_Champhai,773.0
MZ_Hnahthial,130.0
MZ_Khawzawl,109.0
MZ_Kolasib,4040.0
MZ_Lawngtlai,2953.0
MZ_Lunglei,3617.0
MZ_Mamit,1559.0
MZ_Saiha,975.0
MZ_Saitual,229.0
MZ_Serchhip,878.0
NL_Dimapur,13417.0
NL_Kiphire,231.0
NL_Kohima,8808.0
NL_Longleng,270.0
NL_Mokokchung,2003.0
NL_Mon,1099.0
NL_Peren,883.0
NL_Phek,476.0
NL_Tuensang,993.0
NL_Wokha,334.0
NL_Zunheboto,583.0
OR_Angul,43154.0
OR_Balangir,23237.0
OR_Balasore,38789.0
OR_Bargarh,30800.0
OR_Bhadrak,25784.0
OR_Boudh,12535.0
OR_Cuttack,88737.0
OR_Deogarh,6225.0
OR_Dhenkanal,19285.0
OR_Gajapati,9540.0
OR_Ganjam,33521.0
OR_Jagatsinghpur,26235.0
OR_Jajpur,41855.0
OR_Jharsuguda,23644.0
OR_Kalahandi,24186.0
OR_Kandhamal,11412.0
OR_Kendrapara,23834.0
OR_Kendujhar,20587.0
OR_Khordha,155204.0
OR_Koraput,18891.0
OR_Malkangiri,11545.0
OR_Mayurbhanj,39110.0
OR_Nabarangapur,23476.0
OR_Nayagarh,22928.0
OR_Nuapada,22815.0
OR_Puri,44097.0
OR_Rayagada,19908.0
OR_Sambalpur,30667.0
OR_State Pool,27452.0
OR_Subarnapur,13103.0
OR_Sundargarh,60951.0
PB_Amritsar,47144.0
PB_Barnala,5917.0
PB_Bathinda,41571.0
PB_Faridkot,13843.0
PB_Fatehgarh Sahib,8808.0
PB_Fazilka,20191.0
PB_Ferozepur,14248.0
PB_Gurdaspur,22255.0
PB_Hoshiarpur,30687.0
PB_Jalandhar,63173.0
PB_Kapurthala,17784.0
PB_Ludhiana,87422.0
PB_Mansa,15576.0
PB_Moga,8632.0
PB_Pathankot,18622.0
PB_Patiala,48761.0
PB_Rupnagar,12881.0
PB_S.A.S. Nagar,68528.0
PB_Sangrur,15694.0
PB_Shahid Bhagat Singh Nagar,11435.0
PB_Sri Muktsar Sahib,18733.0
PB_Tarn Taran,7991.0
PY_Karaikal,15191.0
PY_Mahe,5047.0
PY_Puducherry,95334.0
PY_Yanam,6631.0
RJ_Ajmer,37720.0
RJ_Alwar,59659.0
RJ_Banswara,10005.0
RJ_Baran,11993.0
RJ_Barmer,15550.0
RJ_Bharatpur,19591.0
RJ_Bhilwara,29773.0
RJ_Bikaner,40311.0
RJ_Bundi,7967.0
RJ_Chittorgarh,19809.0
RJ_Churu,16719.0
RJ_Dausa,13351.0
RJ_Dholpur,11006.0
RJ_Dungarpur,18407.0
RJ_Ganganagar,19338.0
RJ_Hanumangarh,16051.0
RJ_Jaipur,187613.0
RJ_Jaisalmer,13639.0
RJ_Jalore,10065.0
RJ_Jhalawar,13600.0
RJ_Jhunjhunu,14802.0
RJ_Jodhpur,112374.0
RJ_Karauli,7156.0
RJ_Kota,57051.0
RJ_Nagaur,17731.0
RJ_Pali,27315.0
RJ_Pratapgarh,23168.0
RJ_Rajsamand,17041.0
RJ_Sawai Madhopur,10605.0
RJ_Sikar,30607.0
RJ_Sirohi,13729.0
RJ_Tonk,9495.0
RJ_Udaipur,56372.0
TG_Foreign Evacuees,455.0
TN_Airport Quarantine,2099.0
TN_Ariyalur,16087.0
TN_Chengalpattu,163608.0
TN_Chennai,540971.0
TN_Coimbatore,232575.0
TN_Cuddalore,61434.0
TN_Dharmapuri,26486.0
TN_Dindigul,32350.0
TN_Erode,96087.0
TN_Kallakurichi,29632.0
TN_Kancheepuram,72248.0
TN_Kanyakumari,60534.0
TN_Karur,22885.0
TN_Krishnagiri,41713.0
TN_Madurai,73786.0
TN_Mayiladuthurai,21399.0
TN_Nagapattinam,19161.0
TN_Namakkal,47938.0
TN_Nilgiris,31189.0
TN_Perambalur,11597.0
TN_Pudukkottai,28618.0
TN_Railway Quarantine,428.0
TN_Ramanathapuram,20124.0
TN_Ranipet,42229.0
TN_Salem,94688.0
TN_Sivaganga,19077.0
TN_Tenkasi,26944.0
TN_Thanjavur,69299.0
TN_Theni,43070.0
TN_Thiruvallur,114684.0
TN_Thiruvarur,38449.0
TN_Thoothukkudi,55306.0
TN_Tiruchirappalli,73428.0
TN_Tirunelveli,48194.0
TN_Tirupathur,28442.0
TN_Tiruppur,89029.0
TN_Tiruvannamalai,52724.0
TN_Vellore,48447.0
TN_Viluppuram,44280.0
TN_Virudhunagar,45646.0
TR_Dhalai,6887.0
TR_Gomati,7851.0
TR_Khowai,4481.0
TR_North Tripura,6938.0
TR_Sipahijala,6138.0
TR_South Tripura,9808.0
TR_Unokoti,8277.0
TR_West Tripura,30734.0
UP_Agra,25736.0
UP_Aligarh,21276.0
UP_Ambedkar Nagar,5027.0
UP_Amethi,9958.0
UP_Amroha,16610.0
UP_Auraiya,10080.0
UP_Ayodhya,16912.0
UP_Azamgarh,17891.0
UP_Baghpat,9129.0
UP_Bahraich,11546.0
UP_Ballia,21606.0
UP_Balrampur,27767.0
UP_Banda,10986.0
UP_Barabanki,19833.0
UP_Bareilly,43973.0
UP_Basti,11714.0
UP_Bhadohi,7717.0
UP_Bijnor,14788.0
UP_Budaun,14924.0
UP_Bulandshahr,20202.0
UP_Chandauli,16198.0
UP_Chitrakoot,7106.0
UP_Deoria,20212.0
UP_Etah,9964.0
UP_Etawah,13928.0
UP_Farrukhabad,10340.0
UP_Fatehpur,6803.0
UP_Firozabad,8715.0
UP_Gautam Buddha Nagar,63237.0
UP_Ghaziabad,55625.0
UP_Ghazipur,21637.0
UP_Gonda,12282.0
UP_Gorakhpur,59378.0
UP_Hamirpur,20113.0
UP_Hapur,12629.0
UP_Hardoi,13754.0
UP_Hathras,2917.0
UP_Jalaun,11662.0
UP_Jaunpur,22571.0
UP_Jhansi,36539.0
UP_Kannauj,9220.0
UP_Kanpur Dehat,6190.0
UP_Kanpur Nagar,82894.0
UP_Kasganj,4248.0
UP_Kaushambi,4416.0
UP_Kushinagar,15611.0
UP_Lakhimpur Kheri,24405.0
UP_Lalitpur,12734.0
UP_Lucknow,238655.0
UP_Maharajganj,12407.0
UP_Mahoba,4268.0
UP_Mainpuri,10018.0
UP_Mathura,20274.0
UP_Mau,8324.0
UP_Meerut,69424.0
UP_Mirzapur,11082.0
UP_Moradabad,39095.0
UP_Muzaffarnagar,31002.0
UP_Pilibhit,11028.0
UP_Pratapgarh,23168.0
UP_Prayagraj,78615.0
UP_Rae Bareli,17075.0
UP_Rampur,11822.0
UP_Saharanpur,32721.0
UP_Sambhal,9436.0
UP_Sant Kabir Nagar,8157.0
UP_Shahjahanpur,20353.0
UP_Shamli,12974.0
UP_Shrawasti,4385.0
UP_Siddharthnagar,9365.0
UP_Sitapur,12393.0
UP_Sonbhadra,16801.0
UP_Sultanpur,14909.0
UP_Unnao,14998.0
UP_Varanasi,85472.0
UT_Almora,12140.0
UT_Bageshwar,5720.0
UT_Chamoli,12151.0
UT_Champawat,7549.0
UT_Dehradun,111965.0
UT_Haridwar,51403.0
UT_Nainital,39080.0
UT_Pauri Garhwal,17545.0
UT_Pithoragarh,10169.0
UT_Rudraprayag,8744.0
UT_Tehri Garhwal,15818.0
UT_Udham Singh Nagar,37816.0
UT_Uttarkashi,12472.0
WB_Alipurduar,15068.0
WB_Bankura,34815.0
WB_Birbhum,40444.0
WB_Cooch Behar,28042.0
WB_Dakshin Dinajpur,17003.0
WB_Darjeeling,54276.0
WB_Hooghly,82276.0
WB_Howrah,94985.0
WB_Jalpaiguri,40381.0
WB_Jhargram,11467.0
WB_Kalimpong,6563.0
WB_Kolkata,311430.0
WB_Malda,32729.0
WB_Murshidabad,33651.0
WB_Nadia,69784.0
WB_North 24 Parganas,320427.0
WB_Paschim Bardhaman,56437.0
WB_Paschim Medinipur,51227.0
WB_Purba Bardhaman,40280.0
WB_Purba Medinipur,61010.0
WB_Purulia,19214.0
WB_South 24 Parganas,96779.0
WB_Uttar Dinajpur,19536.0
