districtid,wave1-weekid,wave2-weekid,wave1-monthid,wave2-monthid
AP_Anantapur,30,112,3,14
AP_Chittoor,39,112,3,14
AP_East Godavari,40,112,3,14
AP_Foreign Evacuees,10,128,3,13
AP_Guntur,29,107,3,13
AP_Krishna,31,113,3,14
AP_Kurnool,31,108,3,13
AP_Prakasam,40,108,3,14
AP_S.P.S. Nellore,39,110,3,13
AP_Srikakulam,38,108,3,13
AP_Visakhapatnam,30,110,3,13
AP_Vizianagaram,37,109,3,13
AP_West Godavari,40,113,3,14
AP_Y.S.R. Kadapa,39,111,3,14
AR_Anjaw,32,117,3,14
AR_Changlang,38,114,2,14
AR_East Kameng,32,118,3,14
AR_East Siang,37,127,3,15
AR_Kamle,35,128,2,15
AR_Kra Daadi,36,119,2,14
AR_Kurung Kumey,40,125,2,15
AR_Lepa Rada,39,131,3,15
AR_Lohit,32,131,2,15
AR_Longding,40,127,3,15
AR_Lower Dibang Valley,40,106,3,13
AR_Lower Siang,37,132,3,14
AR_Lower Subansiri,40,133,3,14
AR_Namsai,30,115,3,14
AR_Pakke Kessang,37,125,3,15
AR_Papum Pare,40,131,3,15
AR_Shi Yomi,39,127,2,15
AR_Siang,37,130,3,15
AR_Tawang,38,115,2,14
AR_Tirap,38,128,3,15
AR_Upper Dibang Valley,34,115,2,14
AR_Upper Siang,37,114,2,14
AR_Upper Subansiri,35,125,3,15
AR_West Kameng,34,128,3,15
AR_West Siang,39,131,2,15
AS_Airport Quarantine,19,102,3,13
AS_Udalguri,32,128,3,13
BR_Araria,39,108,3,13
BR_Arwal,32,107,3,13
BR_Aurangabad,40,106,3,13
BR_Banka,31,108,2,13
BR_Begusarai,32,107,3,13
BR_Bhagalpur,32,106,3,13
BR_Bhojpur,28,105,3,13
BR_Buxar,32,106,3,13
BR_Darbhanga,33,108,3,13
BR_East Champaran,32,110,3,13
BR_Gaya,33,106,3,13
BR_Gopalganj,32,108,3,13
BR_Jamui,28,108,3,13
BR_Jehanabad,33,106,3,13
BR_Kaimur,32,106,3,13
BR_Katihar,31,110,3,13
BR_Khagaria,30,108,2,13
BR_Kishanganj,32,108,3,13
BR_Lakhisarai,32,105,3,13
BR_Madhepura,33,108,3,13
BR_Madhubani,34,108,3,13
BR_Munger,32,109,3,13
BR_Muzaffarpur,34,108,3,13
BR_Nalanda,29,108,3,13
BR_Nawada,29,107,3,13
BR_Patna,32,108,3,13
BR_Purnia,34,107,2,13
BR_Rohtas,32,106,3,13
BR_Saharsa,33,108,3,13
BR_Samastipur,32,110,3,13
BR_Saran,32,106,3,13
BR_Sheikhpura,32,108,2,13
BR_Sheohar,32,109,2,13
BR_Sitamarhi,34,108,2,13
BR_Siwan,32,109,3,13
BR_Supaul,32,107,3,13
BR_Vaishali,31,109,3,13
BR_West Champaran,32,108,3,13
CH_Chandigarh,40,109,3,13
CT_Balod,39,105,2,13
CT_Baloda Bazar,40,106,3,13
CT_Balrampur,40,110,3,13
CT_Bametara,38,102,3,13
CT_Bastar,40,106,3,13
CT_Bijapur,36,117,3,14
CT_Bilaspur,40,106,2,13
CT_Dakshin Bastar Dantewada,40,109,3,13
CT_Dhamtari,39,106,3,13
CT_Durg,40,101,3,13
CT_Gariaband,40,103,3,13
CT_Gaurela Pendra Marwahi,40,109,3,13
CT_Janjgir Champa,39,108,3,13
CT_Jashpur,40,109,3,13
CT_Kabeerdham,40,107,2,13
CT_Kondagaon,40,108,3,13
CT_Korba,40,108,2,13
CT_Koriya,40,109,2,13
CT_Mahasamund,39,108,2,13
CT_Mungeli,40,109,2,13
CT_Narayanpur,40,111,3,13
CT_Raigarh,40,109,3,13
CT_Raipur,40,103,3,13
CT_Rajnandgaon,40,102,3,13
CT_Sukma,40,117,3,14
CT_Surajpur,40,110,3,13
CT_Surguja,40,108,3,13
CT_Uttar Bastar Kanker,40,106,3,13
DN_Dadra and Nagar Haveli,35,105,3,13
DN_Daman,32,105,3,13
DN_Diu,30,116,3,13
GJ_Ahmedabad,2,106,2,13
GJ_Amreli,32,111,3,13
GJ_Anand,38,111,3,13
GJ_Aravalli,38,110,3,13
GJ_Banaskantha,28,106,3,13
GJ_Bharuch,28,104,3,13
GJ_Bhavnagar,38,108,3,13
GJ_Botad,30,104,3,13
GJ_Chhota Udaipur,38,109,3,13
GJ_Dahod,28,107,3,13
GJ_Dang,38,106,3,13
GJ_Devbhumi Dwarka,38,111,3,13
GJ_Gandhinagar,38,107,3,13
GJ_Gir Somnath,32,110,3,13
GJ_Jamnagar,39,108,3,13
GJ_Junagadh,25,110,3,13
GJ_Kheda,24,108,3,13
GJ_Kutch,35,110,3,13
GJ_Mahisagar,29,107,2,13
GJ_Mehsana,30,108,3,13
GJ_Morbi,34,108,3,13
GJ_Narmada,27,108,3,13
GJ_Navsari,26,108,3,13
GJ_Panchmahal,34,110,3,13
GJ_Patan,40,107,3,13
GJ_Porbandar,35,113,3,14
GJ_Rajkot,40,104,3,13
GJ_Sabarkantha,40,111,3,13
GJ_Surat,28,105,3,13
GJ_Surendranagar,28,107,3,13
GJ_Tapi,40,106,3,13
GJ_Vadodara,38,110,3,13
GJ_Valsad,29,107,3,13
HP_Bilaspur,40,106,2,13
HP_Chamba,40,111,3,13
HP_Hamirpur,38,109,3,13
HP_Kangra,40,110,3,13
HP_Kinnaur,20,114,3,14
HP_Kullu,33,111,2,13
HP_Lahaul and Spiti,40,108,3,13
HP_Mandi,40,110,2,13
HP_Shimla,40,110,3,13
HP_Sirmaur,37,110,2,13
HP_Solan,40,110,3,13
HP_Una,40,111,3,13
HR_Ambala,40,109,3,13
HR_Bhiwani,39,109,3,13
HR_Charkhi Dadri,34,110,3,13
HR_Faridabad,40,109,3,13
HR_Fatehabad,40,109,3,13
HR_Foreign Evacuees,10,128,3,13
HR_Gurugram,40,108,3,13
HR_Hisar,39,109,3,13
HR_Italians,1,128,1,13
HR_Jhajjar,40,112,3,13
HR_Jind,40,107,3,13
HR_Kaithal,39,107,3,13
HR_Karnal,40,107,3,13
HR_Kurukshetra,40,109,3,13
HR_Mahendragarh,40,109,3,13
HR_Nuh,40,109,3,13
HR_Palwal,40,111,3,13
HR_Panchkula,40,109,3,13
HR_Panipat,40,108,3,13
HR_Rewari,40,113,3,13
HR_Rohtak,40,111,3,13
HR_Sirsa,40,110,3,13
HR_Sonipat,39,109,3,13
HR_Yamunanagar,40,109,3,13
JH_Bokaro,40,109,3,13
JH_Chatra,38,108,3,13
JH_Deoghar,30,107,3,13
JH_Dhanbad,36,105,3,13
JH_Dumka,37,106,3,13
JH_East Singhbhum,40,108,3,13
JH_Garhwa,37,107,2,13
JH_Giridih,38,109,3,13
JH_Godda,30,108,3,13
JH_Gumla,39,108,2,13
JH_Hazaribagh,40,108,3,13
JH_Jamtara,38,106,2,13
JH_Khunti,31,109,3,13
JH_Koderma,38,105,3,13
JH_Latehar,36,108,3,13
JH_Lohardaga,39,106,3,13
JH_Pakur,38,110,3,13
JH_Palamu,35,110,3,13
JH_Ramgarh,40,106,2,13
JH_Ranchi,39,106,3,13
JH_Sahibganj,37,104,3,13
JH_Saraikela-Kharsawan,40,108,3,13
JH_Simdega,40,108,2,13
JH_West Singhbhum,40,109,3,13
JK_Anantnag,40,109,3,13
JK_Bandipora,34,112,3,14
JK_Baramulla,40,109,3,13
JK_Budgam,40,109,3,13
JK_Doda,40,111,3,14
JK_Ganderbal,40,115,3,14
JK_Jammu,40,110,3,13
JK_Kathua,40,110,3,13
JK_Kishtwar,40,111,3,14
JK_Kulgam,27,110,2,13
JK_Kupwara,40,114,3,14
JK_Pulwama,29,111,3,14
JK_Punch,40,112,2,14
JK_Rajouri,40,110,3,13
JK_Ramban,27,113,2,14
JK_Reasi,40,104,3,13
JK_Samba,40,111,3,13
JK_Shopiyan,26,109,2,13
JK_Srinagar,40,108,3,13
JK_Udhampur,40,112,3,13
KA_Bagalkote,34,110,3,13
KA_Ballari,33,112,3,13
KA_Belagavi,39,112,3,14
KA_Bengaluru Rural,27,109,3,13
KA_Bengaluru Urban,40,108,3,13
KA_Bidar,33,108,3,13
KA_Chamarajanagara,34,109,3,13
KA_Chikkaballapura,40,109,3,13
KA_Chikkamagaluru,39,112,3,14
KA_Chitradurga,39,116,3,14
KA_Dakshina Kannada,39,109,3,13
KA_Davanagere,37,115,3,14
KA_Dharwad,38,112,3,13
KA_Gadag,39,112,3,14
KA_Hassan,39,109,3,14
KA_Haveri,40,109,3,14
KA_Kalaburagi,29,109,3,13
KA_Kodagu,38,109,3,13
KA_Kolar,39,109,3,13
KA_Koppal,38,112,3,14
KA_Mandya,40,109,3,13
KA_Mysuru,37,108,3,14
KA_Raichur,32,109,3,13
KA_Ramanagara,38,109,3,13
KA_Shivamogga,35,112,3,14
KA_Tumakuru,39,110,3,13
KA_Udupi,34,109,2,14
KA_Uttara Kannada,40,111,3,14
KA_Vijayapura,33,110,3,13
KA_Yadgir,36,110,2,13
KL_Alappuzha,40,108,3,13
KL_Ernakulam,40,109,3,13
KL_Idukki,40,107,3,13
KL_Kannur,40,110,3,13
KL_Kasaragod,40,109,3,13
KL_Kollam,40,111,3,14
KL_Kottayam,40,107,3,13
KL_Kozhikode,40,108,3,13
KL_Malappuram,35,111,3,13
KL_Palakkad,40,111,3,14
KL_Pathanamthitta,40,110,3,13
KL_Thiruvananthapuram,40,110,3,13
KL_Thrissur,40,107,3,13
KL_Wayanad,40,109,3,13
LA_Kargil,16,111,2,13
LA_Leh,39,104,3,13
MH_Ahmednagar,40,108,3,13
MH_Akola,40,112,3,13
MH_Amravati,40,112,3,13
MH_Aurangabad,40,106,3,13
MH_Beed,35,108,3,13
MH_Bhandara,40,103,3,13
MH_Buldhana,40,109,3,13
MH_Chandrapur,40,105,3,13
MH_Dhule,39,100,3,13
MH_Gadchiroli,38,106,3,13
MH_Gondia,40,104,3,13
MH_Hingoli,40,103,2,13
MH_Jalgaon,38,101,3,13
MH_Jalna,40,106,3,13
MH_Kolhapur,40,115,2,14
MH_Latur,40,103,3,13
MH_Mumbai,40,100,2,13
MH_Nagpur,40,105,3,13
MH_Nanded,40,102,3,13
MH_Nandurbar,37,106,3,13
MH_Nashik,40,106,3,13
MH_Osmanabad,39,107,3,13
MH_Palghar,33,105,3,13
MH_Parbhani,40,107,3,13
MH_Pune,40,104,3,13
MH_Raigad,40,105,3,13
MH_Ratnagiri,40,111,3,13
MH_Sangli,39,109,3,13
MH_Satara,40,108,3,13
MH_Sindhudurg,40,118,2,14
MH_Solapur,40,112,3,13
MH_Thane,24,101,3,13
MH_Wardha,40,106,3,13
MH_Washim,40,109,3,13
MH_Yavatmal,40,106,3,13
ML_East Jaintia Hills,40,113,3,14
ML_East Khasi Hills,39,113,3,14
ML_North Garo Hills,40,124,2,15
ML_Ribhoi,39,113,3,14
ML_South West Garo Hills,40,114,2,14
ML_West Garo Hills,33,130,2,14
ML_West Jaintia Hills,40,132,2,14
ML_West Khasi Hills,35,133,2,15
MP_Agar Malwa,40,103,3,13
MP_Alirajpur,38,105,3,13
MP_Anuppur,36,108,2,13
MP_Ashoknagar,40,106,2,13
MP_Balaghat,40,104,3,13
MP_Barwani,29,105,3,13
MP_Betul,40,107,3,13
MP_Bhind,21,107,3,13
MP_Bhopal,40,106,3,13
MP_Burhanpur,9,105,2,13
MP_Chhatarpur,27,106,2,13
MP_Chhindwara,40,102,3,13
MP_Damoh,40,110,3,13
MP_Datia,37,106,3,13
MP_Dewas,40,107,3,13
MP_Dhar,40,107,1,13
MP_Dindori,39,105,2,13
MP_Guna,37,104,3,13
MP_Gwalior,38,105,3,13
MP_Harda,35,105,3,13
MP_Hoshangabad,40,106,1,13
MP_Indore,40,107,1,13
MP_Jabalpur,40,105,3,13
MP_Jhabua,36,106,3,13
MP_Katni,32,104,3,13
MP_Khandwa,40,101,2,13
MP_Khargone,40,105,3,13
MP_Mandla,38,105,2,13
MP_Mandsaur,40,108,3,13
MP_Morena,25,105,3,13
MP_Narsinghpur,40,107,3,13
MP_Neemuch,40,106,2,13
MP_Niwari,36,108,3,13
MP_Panna,33,107,3,13
MP_Raisen,40,105,1,13
MP_Rajgarh,35,104,3,13
MP_Ratlam,40,109,3,13
MP_Rewa,40,107,3,13
MP_Sagar,40,106,2,13
MP_Satna,40,108,3,13
MP_Sehore,40,106,3,13
MP_Seoni,40,104,3,13
MP_Shahdol,38,106,3,13
MP_Shajapur,25,103,3,13
MP_Sheopur,37,107,3,13
MP_Shivpuri,40,109,3,13
MP_Sidhi,40,109,3,13
MP_Singrauli,31,106,3,13
MP_Tikamgarh,25,106,3,13
MP_Ujjain,40,109,2,13
MP_Umaria,40,108,3,13
MP_Vidisha,38,105,3,13
MZ_Aizawl,40,133,3,15
MZ_Champhai,14,132,2,14
MZ_Khawzawl,14,110,2,13
MZ_Kolasib,34,132,2,15
MZ_Lawngtlai,24,127,3,15
MZ_Lunglei,14,131,2,15
MZ_Mamit,17,132,3,15
MZ_Saiha,21,133,3,15
MZ_Saitual,14,132,2,14
MZ_Serchhip,40,109,3,13
NL_Dimapur,30,110,3,13
NL_Kiphire,38,115,2,14
NL_Kohima,33,112,3,14
NL_Longleng,25,130,3,14
NL_Mokokchung,28,118,3,14
NL_Mon,31,113,3,14
NL_Peren,21,124,3,15
NL_Phek,29,114,3,14
NL_Tuensang,21,116,3,14
NL_Wokha,29,116,3,14
NL_Zunheboto,30,113,3,14
OR_Angul,40,114,3,14
OR_Balangir,40,112,2,13
OR_Balasore,34,113,3,14
OR_Bargarh,39,109,3,13
OR_Bhadrak,39,112,3,14
OR_Boudh,40,114,2,14
OR_Cuttack,37,113,3,14
OR_Deogarh,40,111,2,14
OR_Dhenkanal,38,116,3,14
OR_Gajapati,29,108,3,13
OR_Ganjam,27,111,3,13
OR_Jagatsinghpur,40,117,3,14
OR_Jajpur,40,117,3,14
OR_Jharsuguda,40,107,3,13
OR_Kalahandi,35,109,2,13
OR_Kandhamal,34,114,3,14
OR_Kendrapara,40,117,2,14
OR_Kendujhar,39,111,3,13
OR_Khordha,39,111,3,13
OR_Koraput,36,113,3,14
OR_Malkangiri,36,116,3,14
OR_Mayurbhanj,38,113,3,14
OR_Nabarangapur,40,108,3,13
OR_Nayagarh,36,113,3,14
OR_Nuapada,40,105,2,13
OR_Puri,40,114,3,14
OR_Rayagada,37,113,3,14
OR_Sambalpur,36,112,3,13
OR_Subarnapur,40,112,2,14
OR_Sundargarh,33,110,3,13
PB_Amritsar,40,109,3,13
PB_Barnala,38,112,3,13
PB_Bathinda,40,110,3,13
PB_Faridkot,40,110,3,13
PB_Fatehgarh Sahib,35,112,3,13
PB_Fazilka,38,110,3,13
PB_Ferozepur,34,112,3,13
PB_Gurdaspur,40,109,3,13
PB_Hoshiarpur,40,110,1,13
PB_Jalandhar,39,109,3,13
PB_Kapurthala,36,110,3,13
PB_Ludhiana,35,110,3,13
PB_Mansa,39,110,1,13
PB_Moga,35,109,3,13
PB_Pathankot,40,109,2,13
PB_Patiala,36,109,3,13
PB_Rupnagar,35,110,3,13
PB_S.A.S. Nagar,40,110,3,13
PB_Sangrur,35,109,3,13
PB_Shahid Bhagat Singh Nagar,36,109,3,13
PB_Sri Muktsar Sahib,40,112,3,13
PB_Tarn Taran,40,105,1,13
PY_Karaikal,40,113,3,14
PY_Mahe,40,107,3,13
PY_Puducherry,37,111,3,13
PY_Yanam,38,109,3,13
RJ_Ajmer,34,106,3,13
RJ_Alwar,28,106,3,13
RJ_BSF Camp,4,128,1,13
RJ_Banswara,40,106,1,13
RJ_Baran,39,108,2,13
RJ_Barmer,26,110,3,13
RJ_Bharatpur,13,111,3,13
RJ_Bhilwara,36,105,2,13
RJ_Bikaner,34,108,3,13
RJ_Bundi,40,107,3,13
RJ_Chittorgarh,40,109,1,13
RJ_Churu,38,109,3,13
RJ_Dausa,38,111,3,13
RJ_Dholpur,35,105,3,13
RJ_Dungarpur,8,110,2,13
RJ_Evacuees,1,128,1,13
RJ_Ganganagar,40,110,3,13
RJ_Hanumangarh,40,108,3,13
RJ_Italians,1,128,1,13
RJ_Jaipur,39,110,3,13
RJ_Jaisalmer,38,111,1,13
RJ_Jalore,24,107,3,13
RJ_Jhalawar,38,108,2,13
RJ_Jhunjhunu,35,111,3,13
RJ_Jodhpur,36,109,3,13
RJ_Karauli,27,109,3,13
RJ_Kota,40,104,3,13
RJ_Nagaur,34,111,2,13
RJ_Pali,26,107,3,13
RJ_Pratapgarh,40,108,3,13
RJ_Rajsamand,40,107,3,13
RJ_Sawai Madhopur,40,106,3,13
RJ_Sikar,33,107,2,13
RJ_Sirohi,38,105,3,13
RJ_Tonk,39,107,1,13
RJ_Udaipur,31,108,1,13
TG_Foreign Evacuees,10,128,3,13
TN_Airport Quarantine,19,102,3,13
TN_Ariyalur,33,114,1,14
TN_Chengalpattu,28,110,3,13
TN_Chennai,20,110,3,13
TN_Coimbatore,39,115,3,14
TN_Cuddalore,39,113,3,14
TN_Dharmapuri,40,114,3,14
TN_Dindigul,32,114,3,14
TN_Erode,37,116,3,14
TN_Kallakurichi,28,115,3,14
TN_Kancheepuram,29,112,3,14
TN_Kanyakumari,28,114,3,14
TN_Karur,40,116,3,14
TN_Krishnagiri,40,113,3,14
TN_Madurai,24,114,3,14
TN_Nagapattinam,40,115,3,14
TN_Namakkal,40,116,3,14
TN_Nilgiris,40,117,3,14
TN_Perambalur,32,114,1,14
TN_Pudukkottai,34,113,3,14
TN_Railway Quarantine,11,128,2,13
TN_Ramanathapuram,21,113,3,14
TN_Ranipet,28,113,3,14
TN_Salem,38,116,3,14
TN_Sivaganga,25,115,3,14
TN_Tenkasi,32,114,3,14
TN_Thanjavur,28,114,3,14
TN_Theni,32,113,3,14
TN_Thiruvallur,34,112,3,14
TN_Thiruvarur,40,114,3,14
TN_Thoothukkudi,28,112,3,14
TN_Tiruchirappalli,27,114,3,14
TN_Tirunelveli,29,111,3,13
TN_Tirupathur,35,113,3,14
TN_Tiruppur,40,115,3,14
TN_Tiruvannamalai,40,114,3,14
TN_Vellore,36,110,3,13
TN_Viluppuram,38,115,3,14
TN_Virudhunagar,28,114,3,14
TR_Dhalai,40,116,1,15
TR_Gomati,40,130,3,15
TR_Khowai,39,118,3,14
TR_North Tripura,40,122,3,14
TR_Sipahijala,40,113,2,14
TR_South Tripura,40,113,3,14
TR_Unokoti,38,128,2,15
TR_West Tripura,39,113,3,14
UP_Agra,40,106,1,13
UP_Aligarh,40,109,3,13
UP_Ambedkar Nagar,36,111,2,13
UP_Amethi,40,105,2,13
UP_Amroha,38,108,3,13
UP_Auraiya,39,105,3,13
UP_Ayodhya,37,105,3,13
UP_Azamgarh,31,109,3,13
UP_Baghpat,22,108,3,13
UP_Bahraich,31,106,2,13
UP_Ballia,28,105,3,13
UP_Balrampur,40,110,3,13
UP_Banda,40,106,3,13
UP_Barabanki,40,106,3,13
UP_Bareilly,32,106,3,13
UP_Basti,33,106,2,13
UP_Bhadohi,28,105,3,13
UP_Bijnor,38,106,3,13
UP_Budaun,36,109,3,13
UP_Bulandshahr,39,110,3,13
UP_Chandauli,40,105,3,13
UP_Chitrakoot,40,109,2,13
UP_Deoria,36,109,3,13
UP_Etah,40,107,3,13
UP_Etawah,40,105,3,13
UP_Farrukhabad,36,105,3,13
UP_Fatehpur,40,105,3,13
UP_Firozabad,39,106,3,13
UP_Gautam Buddha Nagar,40,108,3,13
UP_Ghaziabad,40,108,3,13
UP_Ghazipur,34,106,3,13
UP_Gonda,35,105,3,13
UP_Gorakhpur,39,106,3,13
UP_Hamirpur,38,109,3,13
UP_Hapur,29,110,3,13
UP_Hardoi,40,107,3,13
UP_Hathras,38,109,3,13
UP_Jalaun,30,110,3,13
UP_Jaunpur,29,105,2,13
UP_Jhansi,27,106,3,13
UP_Kannauj,28,106,3,13
UP_Kanpur Dehat,39,105,3,13
UP_Kanpur Nagar,40,106,3,13
UP_Kasganj,39,110,3,13
UP_Kaushambi,35,106,3,13
UP_Kushinagar,38,109,3,13
UP_Lakhimpur Kheri,37,106,3,13
UP_Lalitpur,38,108,3,13
UP_Lucknow,40,104,3,13
UP_Maharajganj,37,111,3,13
UP_Mahoba,40,108,3,13
UP_Mainpuri,40,106,3,13
UP_Mathura,39,107,3,13
UP_Mau,38,106,3,13
UP_Meerut,40,110,3,13
UP_Mirzapur,29,104,3,13
UP_Moradabad,37,108,3,13
UP_Muzaffarnagar,40,110,3,13
UP_Pilibhit,32,110,3,13
UP_Pratapgarh,40,108,3,13
UP_Prayagraj,40,104,3,13
UP_Rae Bareli,40,105,3,13
UP_Rampur,37,107,2,13
UP_Saharanpur,40,109,3,13
UP_Sambhal,25,108,3,13
UP_Sant Kabir Nagar,31,105,3,13
UP_Shahjahanpur,40,106,3,13
UP_Shamli,40,110,3,13
UP_Shrawasti,34,106,3,13
UP_Siddharthnagar,33,109,3,13
UP_Sitapur,40,105,3,13
UP_Sonbhadra,40,106,3,13
UP_Sultanpur,33,105,3,13
UP_Unnao,40,107,3,13
UP_Varanasi,31,105,3,13
UT_Almora,38,112,3,13
UT_Bageshwar,37,109,3,13
UT_Chamoli,40,112,2,13
UT_Champawat,40,109,2,13
UT_Dehradun,40,109,2,13
UT_Haridwar,38,106,2,13
UT_Nainital,40,110,2,13
UT_Pauri Garhwal,40,111,3,13
UT_Pithoragarh,40,109,2,14
UT_Rudraprayag,40,111,2,13
UT_Tehri Garhwal,40,111,2,13
UT_Udham Singh Nagar,40,109,3,13
UT_Uttarkashi,39,111,3,13
WB_Alipurduar,38,115,3,14
WB_Bankura,40,113,2,14
WB_Birbhum,37,110,2,13
WB_Cooch Behar,38,114,2,14
WB_Dakshin Dinajpur,34,110,3,13
WB_Darjeeling,35,113,3,14
WB_Hooghly,40,113,3,13
WB_Howrah,27,111,3,13
WB_Jalpaiguri,38,114,3,14
WB_Jhargram,33,113,3,14
WB_Kalimpong,33,114,2,14
WB_Kolkata,30,110,3,13
WB_Malda,33,106,3,13
WB_Murshidabad,35,106,3,13
WB_Nadia,40,113,3,14
WB_North 24 Parganas,35,112,3,13
WB_Paschim Bardhaman,40,110,3,13
WB_Paschim Medinipur,36,111,2,14
WB_Purba Bardhaman,40,110,3,13
WB_Purba Medinipur,40,111,3,14
WB_Purulia,37,106,2,13
WB_South 24 Parganas,32,113,3,13
WB_Uttar Dinajpur,34,109,3,13
