districtid,neighbourid
AP_Anantapur,AP_Kurnool
AP_Anantapur,AP_Y.S.R.Kadapa
AP_Chittoor,AP_Y.S.R.Kadapa
AP_Chittoor,AP_Anantapur
AP_Chittoor,KA_Chikkaballapura
AP_Chittoor,AP_S.P.S.Nellore
AP_Chittoor,KA_Kolar
AP_East Godavari,AP_WestGodavari
AP_East Godavari,AP_Visakhapatnam
AP_East Godavari,AP_Krishna
AP_East Godavari,TG_Khammam
AP_East Godavari,TG_BhadradriKothagudem
AP_East Godavari,CT_Sukma
AP_East Godavari,AP_EastGodavari
AP_East Godavari,OR_Malkangiri
AP_Guntur,TG_Nalgonda
AP_Guntur,TG_Nagarkurnool
AP_Guntur,AP_Prakasam
AP_Krishna,TG_Suryapet
AP_Krishna,AP_Guntur
AP_Krishna,AP_WestGodavari
AP_Kurnool,AP_Y.S.R.Kadapa
AP_Kurnool,TG_Wanaparthy
AP_Kurnool,AP_Prakasam
AP_Kurnool,TG_JogulambaGadwal
AP_Kurnool,TG_Nagarkurnool
AP_Prakasam,TG_Nagarkurnool
AP_Prakasam,AP_Y.S.R.Kadapa
AP_Prakasam,AP_S.P.S.Nellore
AP_S.P.S. Nellore,AP_Chittoor
AP_S.P.S. Nellore,TN_Thiruvallur
AP_S.P.S. Nellore,AP_Prakasam
AP_S.P.S. Nellore,AP_Y.S.R.Kadapa
AP_Visakhapatnam,AP_EastGodavari
AP_Vizianagaram,AP_Visakhapatnam
AP_Vizianagaram,AP_Srikakulam
AP_Y.S.R. Kadapa,AP_Kurnool
AP_Y.S.R. Kadapa,AP_Prakasam
AP_Y.S.R. Kadapa,AP_Chittoor
AP_Y.S.R. Kadapa,AP_Anantapur
AP_Y.S.R. Kadapa,AP_S.P.S.Nellore
AR_Changlang,AR_Anjaw
AR_Changlang,AS_Tinsukia
AR_Changlang,AR_Lohit
AR_Changlang,AR_Tirap
AR_Changlang,AR_Namsai
AR_East Siang,AR_Siang
AR_East Siang,AR_ShiYomi
AR_East Siang,AR_LowerSiang
AR_East Siang,AR_UpperDibangValley
AR_East Siang,AR_LepaRada
AR_East Siang,AR_Kamle
AR_East Siang,AR_UpperSiang
AR_East Siang,AR_WestSiang
AR_East Siang,AS_Tinsukia
AR_East Siang,AR_LowerDibangValley
AR_East Siang,AR_EastSiang
AR_East Siang,AR_UpperSubansiri
AR_East Siang,AS_Dhemaji
AR_Kamle,AR_UpperSubansiri
AR_Kamle,AR_KraDaadi
AR_Kamle,AS_Dhemaji
AR_Kamle,AR_PapumPare
AR_Kamle,AR_LowerSiang
AR_Kamle,AR_LowerSubansiri
AR_Kra Daadi,AR_KurungKumey
AR_Kra Daadi,AR_Kamle
AR_Kra Daadi,AR_LowerSubansiri
AR_Kra Daadi,AR_UpperSubansiri
AR_Kra Daadi,AR_PapumPare
AR_Kurung Kumey,AR_KraDaadi
AR_Kurung Kumey,AR_EastKameng
AR_Kurung Kumey,AR_PapumPare
AR_Kurung Kumey,AR_UpperSubansiri
AR_Lepa Rada,AR_UpperSubansiri
AR_Lepa Rada,AR_LowerSiang
AR_Lepa Rada,AR_WestSiang
AR_Lohit,AR_Anjaw
AR_Lohit,AS_Tinsukia
AR_Lohit,AR_Namsai
AR_Lohit,AR_LowerDibangValley
AR_Longding,AS_Charaideo
AR_Longding,NL_Mon
AR_Lower Dibang Valley,AR_EastSiang
AR_Lower Dibang Valley,AS_Dhemaji
AR_Lower Dibang Valley,AR_UpperSiang
AR_Lower Dibang Valley,AS_Tinsukia
AR_Lower Dibang Valley,AR_UpperDibangValley
AR_Lower Dibang Valley,AR_Lohit
AR_Lower Subansiri,AR_PapumPare
AR_Lower Subansiri,AR_KraDaadi
AR_Lower Subansiri,AR_Kamle
AR_Namsai,AS_Tinsukia
AR_Pakke Kessang,AR_WestKameng
AR_Pakke Kessang,AR_PapumPare
AR_Pakke Kessang,AS_Biswanath
AR_Pakke Kessang,AR_EastKameng
AR_Pakke Kessang,AS_Sonitpur
AR_Papum Pare,AR_LowerSubansiri
AR_Papum Pare,AR_PakkeKessang
AR_Papum Pare,AR_KraDaadi
AR_Papum Pare,AR_KurungKumey
AR_Papum Pare,AS_Biswanath
AR_Papum Pare,AR_Kamle
AR_Papum Pare,AR_EastKameng
AR_Papum Pare,AS_Lakhimpur
AR_Shi Yomi,AR_WestSiang
AR_Shi Yomi,AR_UpperSubansiri
AR_Shi Yomi,AR_UpperSiang
AR_Shi Yomi,AR_Siang
AR_Tawang,AR_EastKameng
AR_Tawang,AR_WestKameng
AR_Tirap,AR_Longding
AR_Tirap,AS_Tinsukia
AR_Upper Dibang Valley,AR_LowerDibangValley
AR_Upper Dibang Valley,AR_UpperSiang
AR_Upper Subansiri,AR_ShiYomi
AR_Upper Subansiri,AR_WestSiang
AR_Upper Subansiri,AR_KurungKumey
AR_Upper Subansiri,AR_LepaRada
AR_Upper Subansiri,AR_KraDaadi
AR_Upper Subansiri,AR_Kamle
AR_Upper Subansiri,AR_LowerSiang
AR_West Kameng,AS_Udalguri
AR_West Kameng,AR_Tawang
AR_West Kameng,AR_WestKameng
AR_West Kameng,AR_PakkeKessang
AR_West Kameng,AR_KurungKumey
AR_West Kameng,AR_Tawang
AR_West Kameng,AR_EastKameng
AR_West Kameng,AS_Sonitpur
AR_West Kameng,AR_PapumPare
AS_Cachar,AS_DimaHasao
AS_Cachar,AS_Hailakandi
AS_Cachar,ML_EastJaintiaHills
AS_Cachar,MZ_Kolasib
AS_Cachar,MZ_Aizawl
AS_Cachar,MN_Pherzawl
AS_Cachar,MN_Jiribam
AS_Cachar,AS_Karimganj
AS_Cachar,MN_Tamenglong
AS_Darrang,AS_Udalguri
AS_Darrang,AS_KamrupMetropolitan
AS_Darrang,AS_Sonitpur
AS_Darrang,AS_Morigaon
AS_Darrang,AS_Baksa
AS_Dhubri,WB_CoochBehar
AS_Dhubri,AS_Goalpara
AS_Dhubri,AS_Kokrajhar
AS_Dhubri,AS_Bongaigaon
AS_Dhubri,AS_SouthSalmaraMankachar
AS_Dibrugarh,AS_Majuli
AS_Dibrugarh,AS_Dhemaji
AS_Dibrugarh,AR_Longding
AS_Dibrugarh,AR_Tirap
AS_Dibrugarh,AS_Tinsukia
AS_Dibrugarh,AS_Charaideo
AS_Dima Hasao,AS_KarbiAnglong
AS_Dima Hasao,AS_Hojai
AS_Dima Hasao,ML_EastJaintiaHills
AS_Dima Hasao,MN_Tamenglong
AS_Dima Hasao,ML_WestJaintiaHills
AS_Dima Hasao,NL_Peren
AS_Dima Hasao,AS_WestKarbiAnglong
AS_Dima Hasao,AS_Cachar
AS_Goalpara,AS_SouthSalmaraMankachar
AS_Goalpara,AS_Barpeta
AS_Goalpara,ML_WestGaroHills
AS_Goalpara,ML_NorthGaroHills
AS_Goalpara,AS_Bongaigaon
AS_Kamrup,ML_NorthGaroHills
AS_Kamrup,AS_Goalpara
AS_Kamrup,AS_Baksa
AS_Kamrup,AS_Nalbari
AS_Kamrup,AS_Darrang
AS_Kamrup,ML_WestKhasiHills
AS_Kamrup,AS_KamrupMetropolitan
AS_Kamrup,ML_Ribhoi
AS_Kamrup,AS_Barpeta
AS_Karimganj,TR_NorthTripura
AS_Karimganj,AS_Hailakandi
AS_Karimganj,MZ_Mamit
AS_Lakhimpur,AS_Dhemaji
AS_Lakhimpur,AS_Biswanath
AS_Lakhimpur,AS_Golaghat
AS_Lakhimpur,AS_Majuli
AS_Lakhimpur,AR_PapumPare
AS_Lakhimpur,AS_Dibrugarh
AS_Lakhimpur,AR_Kamle
AS_Sivasagar,AS_Charaideo
AS_Sivasagar,NL_Longleng
AS_Sivasagar,AS_Jorhat
AS_Sivasagar,NL_Mokokchung
AS_Sivasagar,AS_Dibrugarh
AS_Sivasagar,AS_Majuli
AS_Sivasagar,NL_Mon
AS_Sonitpur,AR_WestKameng
AS_Sonitpur,AR_PakkeKessang
AS_Sonitpur,AS_Nagaon
AS_Sonitpur,AS_Biswanath
AS_Sonitpur,AS_Udalguri
AS_Sonitpur,AS_Morigaon
AS_Udalguri,AS_Baksa
AS_Udalguri,AR_WestKameng
AS_West Karbi Anglong,AS_Morigaon
AS_West Karbi Anglong,AS_Nagaon
AS_West Karbi Anglong,AS_Hojai
AS_West Karbi Anglong,ML_WestJaintiaHills
AS_West Karbi Anglong,ML_Ribhoi
AS_West Karbi Anglong,AS_DimaHasao
BR_Araria,BR_Purnia
BR_Araria,BR_Kishanganj
BR_Arwal,BR_Gaya
BR_Arwal,BR_Aurangabad
BR_Arwal,BR_Jehanabad
BR_Banka,JH_Dumka
BR_Banka,BR_Jamui
BR_Banka,JH_Deoghar
BR_Begusarai,BR_Lakhisarai
BR_Begusarai,BR_Patna
BR_Bhagalpur,BR_Banka
BR_Bhagalpur,JH_Godda
BR_Bhagalpur,BR_Munger
BR_Bhojpur,BR_Buxar
BR_Bhojpur,BR_Rohtas
BR_Bhojpur,BR_Arwal
BR_Bhojpur,BR_Patna
BR_Buxar,BR_Kaimur
BR_Buxar,BR_Rohtas
BR_Darbhanga,BR_Sitamarhi
BR_Darbhanga,BR_Samastipur
BR_Darbhanga,BR_Muzaffarpur
BR_East Champaran,BR_Sheohar
BR_East Champaran,BR_WestChamparan
BR_East Champaran,BR_Gopalganj
BR_East Champaran,UP_Kushinagar
BR_East Champaran,UP_Maharajganj
BR_East Champaran,BR_Muzaffarpur
BR_East Champaran,BR_EastChamparan
BR_East Champaran,BR_Sitamarhi
BR_Gaya,BR_Nawada
BR_Gaya,JH_Chatra
BR_Gaya,JH_Hazaribagh
BR_Gaya,BR_Aurangabad
BR_Gaya,JH_Koderma
BR_Gopalganj,UP_Deoria
BR_Gopalganj,BR_Siwan
BR_Gopalganj,BR_EastChamparan
BR_Gopalganj,BR_Saran
BR_Gopalganj,BR_WestChamparan
BR_Gopalganj,UP_Kushinagar
BR_Jamui,JH_Giridih
BR_Jamui,BR_Nawada
BR_Jamui,JH_Deoghar
BR_Jamui,BR_Sheikhpura
BR_Jehanabad,BR_Nalanda
BR_Jehanabad,BR_Gaya
BR_Kaimur,BR_Rohtas
BR_Kaimur,UP_Sonbhadra
BR_Katihar,JH_Sahibganj
BR_Katihar,BR_Bhagalpur
BR_Katihar,WB_UttarDinajpur
BR_Khagaria,BR_Bhagalpur
BR_Khagaria,BR_Munger
BR_Khagaria,BR_Samastipur
BR_Khagaria,BR_Begusarai
BR_Kishanganj,WB_UttarDinajpur
BR_Kishanganj,BR_Purnia
BR_Lakhisarai,BR_Sheikhpura
BR_Lakhisarai,BR_Jamui
BR_Lakhisarai,BR_Patna
BR_Lakhisarai,BR_Nalanda
BR_Madhepura,BR_Purnia
BR_Madhepura,BR_Khagaria
BR_Madhepura,BR_Araria
BR_Madhepura,BR_Bhagalpur
BR_Madhubani,BR_Sitamarhi
BR_Madhubani,BR_Saharsa
BR_Madhubani,BR_Supaul
BR_Madhubani,BR_Darbhanga
BR_Munger,BR_Banka
BR_Munger,BR_Begusarai
BR_Munger,BR_Jamui
BR_Munger,BR_Lakhisarai
BR_Muzaffarpur,BR_Sheohar
BR_Muzaffarpur,BR_Vaishali
BR_Muzaffarpur,BR_Gopalganj
BR_Muzaffarpur,BR_EastChamparan
BR_Muzaffarpur,BR_Saran
BR_Nalanda,BR_Gaya
BR_Nalanda,BR_Sheikhpura
BR_Nalanda,BR_Nawada
BR_Nawada,JH_Koderma
BR_Nawada,BR_Sheikhpura
BR_Patna,BR_Nalanda
BR_Patna,BR_Jehanabad
BR_Patna,BR_Arwal
BR_Purnia,BR_Bhagalpur
BR_Purnia,BR_Katihar
BR_Purnia,WB_UttarDinajpur
BR_Rohtas,JH_Palamu
BR_Rohtas,BR_Aurangabad
BR_Rohtas,JH_Garhwa
BR_Rohtas,BR_Arwal
BR_Saharsa,BR_Supaul
BR_Saharsa,BR_Darbhanga
BR_Saharsa,BR_Samastipur
BR_Saharsa,BR_Khagaria
BR_Saharsa,BR_Madhepura
BR_Samastipur,BR_Muzaffarpur
BR_Samastipur,BR_Vaishali
BR_Samastipur,BR_Patna
BR_Samastipur,BR_Begusarai
BR_Saran,BR_Bhojpur
BR_Saran,BR_Patna
BR_Saran,BR_Vaishali
BR_Sheohar,BR_EastChamparan
BR_Sitamarhi,BR_Sheohar
BR_Sitamarhi,BR_EastChamparan
BR_Sitamarhi,BR_Muzaffarpur
BR_Siwan,BR_Saran
BR_Supaul,BR_Madhepura
BR_Supaul,BR_Araria
BR_Vaishali,BR_Patna
CH_Chandigarh,PB_S.A.S.Nagar
CT_Balod,CT_UttarBastarKanker
CT_Baloda Bazar,CT_Mungeli
CT_Baloda Bazar,CT_Bilaspur
CT_Baloda Bazar,CT_Bametara
CT_Baloda Bazar,CT_Raipur
CT_Baloda Bazar,CT_JanjgirChampa
CT_Baloda Bazar,CT_Mahasamund
CT_Baloda Bazar,CT_Raigarh
CT_Bametara,CT_Kabeerdham
CT_Bametara,CT_Rajnandgaon
CT_Bametara,CT_BalodaBazar
CT_Bastar,CT_DakshinBastarDantewada
CT_Bastar,CT_Kondagaon
CT_Bastar,OR_Koraput
CT_Bastar,OR_Malkangiri
CT_Bastar,CT_Sukma
CT_Bastar,OR_Nabarangapur
CT_Dakshin Bastar Dantewada,CT_Narayanpur
CT_Dakshin Bastar Dantewada,CT_Sukma
CT_Dakshin Bastar Dantewada,CT_Bastar
CT_Dakshin Bastar Dantewada,CT_Kondagaon
CT_Dakshin Bastar Dantewada,CT_Bijapur
CT_Dhamtari,OR_Nabarangapur
CT_Dhamtari,CT_Kondagaon
CT_Dhamtari,CT_UttarBastarKanker
CT_Dhamtari,CT_Balod
CT_Durg,CT_Bametara
CT_Durg,CT_Dhamtari
CT_Durg,CT_Rajnandgaon
CT_Durg,CT_Balod
CT_Gariaband,OR_Kalahandi
CT_Gariaband,OR_Nabarangapur
CT_Gariaband,CT_Dhamtari
CT_Janjgir Champa,CT_Bilaspur
CT_Janjgir Champa,CT_Korba
CT_Janjgir Champa,CT_Raigarh
CT_Janjgir Champa,CT_BalodaBazar
CT_Jashpur,JH_Simdega
CT_Jashpur,OR_Sundargarh
CT_Jashpur,CT_Raigarh
CT_Jashpur,CT_Balrampur
CT_Jashpur,CT_Surguja
CT_Kabeerdham,MP_Dindori
CT_Kabeerdham,MP_Mandla
CT_Kabeerdham,MP_Balaghat
CT_Kondagaon,CT_DakshinBastarDantewada
CT_Kondagaon,CT_Narayanpur
CT_Kondagaon,CT_UttarBastarKanker
CT_Korba,CT_Surajpur
CT_Korba,CT_Koriya
CT_Korba,CT_JanjgirChampa
CT_Korba,CT_Bilaspur
CT_Koriya,CT_Bilaspur
CT_Koriya,MP_Sidhi
CT_Koriya,MP_Anuppur
CT_Koriya,MP_Shahdol
CT_Mahasamund,OR_Nuapada
CT_Mahasamund,CT_Raipur
CT_Mahasamund,CT_BalodaBazar
CT_Mahasamund,OR_Bargarh
CT_Mahasamund,CT_Gariaband
CT_Mungeli,MP_Dindori
CT_Mungeli,MP_Anuppur
CT_Mungeli,CT_Kabeerdham
CT_Mungeli,CT_BalodaBazar
CT_Mungeli,CT_Bametara
CT_Mungeli,CT_Bilaspur
CT_Narayanpur,CT_UttarBastarKanker
CT_Narayanpur,CT_Bijapur
CT_Narayanpur,CT_DakshinBastarDantewada
CT_Raigarh,CT_JanjgirChampa
CT_Raigarh,OR_Bargarh
CT_Raigarh,CT_BalodaBazar
CT_Raigarh,CT_Mahasamund
CT_Raigarh,OR_Jharsuguda
CT_Raigarh,CT_Korba
CT_Raipur,CT_BalodaBazar
CT_Raipur,CT_Gariaband
CT_Raipur,CT_Dhamtari
CT_Raipur,CT_Bametara
CT_Raipur,CT_Durg
CT_Rajnandgaon,MH_Gadchiroli
CT_Rajnandgaon,CT_UttarBastarKanker
CT_Rajnandgaon,MH_Gondia
CT_Rajnandgaon,CT_Kabeerdham
CT_Rajnandgaon,CT_Balod
CT_Rajnandgaon,MP_Balaghat
CT_Sukma,TG_BhadradriKothagudem
CT_Sukma,CT_DakshinBastarDantewada
CT_Sukma,AP_EastGodavari
CT_Sukma,CT_Bijapur
CT_Surajpur,CT_Koriya
CT_Surajpur,CT_Balrampur
CT_Surguja,CT_Raigarh
CT_Surguja,CT_Balrampur
CT_Surguja,CT_Surajpur
CT_Surguja,CT_Korba
CT_Uttar Bastar Kanker,CT_Dhamtari
CT_Uttar Bastar Kanker,MH_Gadchiroli
CT_Uttar Bastar Kanker,CT_Narayanpur
CT_Uttar Bastar Kanker,CT_Balod
CT_Uttar Bastar Kanker,CT_Rajnandgaon
CT_Uttar Bastar Kanker,CT_Kondagaon
DL_East Delhi,UP_GautamBuddhaNagar
DL_East Delhi,DL_NorthEastDelhi
DL_East Delhi,DL_CentralDelhi
DL_East Delhi,UP_Baghpat
DL_East Delhi,DL_SouthEastDelhi
DL_East Delhi,DL_NorthWestDelhi
DL_East Delhi,DL_NewDelhi
DL_East Delhi,HR_Sonipat
DL_East Delhi,UP_Ghaziabad
DL_East Delhi,HR_Jhajjar
DL_East Delhi,DL_SouthWestDelhi
DL_East Delhi,DL_CentralDelhi
DL_East Delhi,DL_Shahdara
DL_Shahdara,DL_NorthEastDelhi
DL_Shahdara,DL_CentralDelhi
DL_Shahdara,DL_EastDelhi
DL_Shahdara,UP_Ghaziabad
DN_Dadra and Nagar Haveli,MH_Palghar
DN_Dadra and Nagar Haveli,GJ_Valsad
DN_Diu,GJ_GirSomnath
GJ_Ahmedabad,GJ_Botad
GJ_Ahmedabad,GJ_Anand
GJ_Ahmedabad,GJ_Kheda
GJ_Ahmedabad,GJ_Bhavnagar
GJ_Amreli,GJ_GirSomnath
GJ_Anand,GJ_Bharuch
GJ_Aravalli,GJ_Gandhinagar
GJ_Aravalli,GJ_Kheda
GJ_Banaskantha,GJ_Mehsana
GJ_Banaskantha,GJ_Sabarkantha
GJ_Banaskantha,GJ_Patan
GJ_Bharuch,GJ_Surat
GJ_Bhavnagar,GJ_Amreli
GJ_Botad,GJ_Bhavnagar
GJ_Botad,GJ_Amreli
GJ_Chhota Udaipur,GJ_Narmada
GJ_Chhota Udaipur,MP_Alirajpur
GJ_Chhota Udaipur,GJ_Panchmahal
GJ_Chhota Udaipur,GJ_Dahod
GJ_Chhota Udaipur,MH_Nandurbar
GJ_Chhota Udaipur,GJ_Vadodara
GJ_Dahod,GJ_ChhotaUdaipur
GJ_Dahod,GJ_Mahisagar
GJ_Dahod,MP_Jhabua
GJ_Dahod,MP_Alirajpur
GJ_Dahod,GJ_Panchmahal
GJ_Dang,MH_Dhule
GJ_Dang,MH_Nashik
GJ_Devbhumi Dwarka,GJ_Jamnagar
GJ_Devbhumi Dwarka,GJ_Porbandar
GJ_Gandhinagar,GJ_Ahmedabad
GJ_Gandhinagar,GJ_Kheda
GJ_Gir Somnath,GJ_Amreli
GJ_Gir Somnath,GJ_Junagadh
GJ_Gir Somnath,DN_Diu
GJ_Jamnagar,GJ_DevbhumiDwarka
GJ_Junagadh,GJ_GirSomnath
GJ_Junagadh,GJ_Amreli
GJ_Junagadh,GJ_Porbandar
GJ_Kheda,GJ_Anand
GJ_Kheda,GJ_Vadodara
GJ_Kutch,GJ_Patan
GJ_Kutch,GJ_Morbi
GJ_Kutch,GJ_Surendranagar
GJ_Kutch,GJ_Banaskantha
GJ_Mahisagar,GJ_Panchmahal
GJ_Mahisagar,GJ_Aravalli
GJ_Mahisagar,GJ_Kheda
GJ_Mehsana,GJ_Patan
GJ_Mehsana,GJ_Gandhinagar
GJ_Mehsana,GJ_Ahmedabad
GJ_Mehsana,GJ_Surendranagar
GJ_Morbi,GJ_Jamnagar
GJ_Narmada,GJ_ChhotaUdaipur
GJ_Narmada,GJ_Surat
GJ_Narmada,GJ_Bharuch
GJ_Narmada,GJ_Tapi
GJ_Narmada,MH_Nandurbar
GJ_Navsari,MH_Nashik
GJ_Navsari,GJ_Dang
GJ_Navsari,GJ_Valsad
GJ_Panchmahal,GJ_Kheda
GJ_Panchmahal,GJ_ChhotaUdaipur
GJ_Panchmahal,GJ_Vadodara
GJ_Patan,GJ_Surendranagar
GJ_Porbandar,GJ_Jamnagar
GJ_Porbandar,GJ_DevbhumiDwarka
GJ_Rajkot,GJ_Morbi
GJ_Rajkot,GJ_Junagadh
GJ_Rajkot,GJ_Porbandar
GJ_Rajkot,GJ_Amreli
GJ_Rajkot,GJ_Botad
GJ_Rajkot,GJ_Jamnagar
GJ_Sabarkantha,GJ_Aravalli
GJ_Sabarkantha,GJ_Gandhinagar
GJ_Sabarkantha,GJ_Mehsana
GJ_Surat,GJ_Tapi
GJ_Surat,GJ_Navsari
GJ_Surendranagar,GJ_Morbi
GJ_Surendranagar,GJ_Ahmedabad
GJ_Surendranagar,GJ_Botad
GJ_Surendranagar,GJ_Rajkot
GJ_Tapi,MH_Dhule
GJ_Tapi,GJ_Navsari
GJ_Tapi,GJ_Dang
GJ_Vadodara,GJ_Narmada
GJ_Vadodara,GJ_Anand
GJ_Vadodara,GJ_Bharuch
GJ_Vadodara,GJ_ChhotaUdaipur
GJ_Valsad,DN_DadraandNagarHaveli
GJ_Valsad,MH_Palghar
GJ_Valsad,DN_Daman
HP_Chamba,JK_Doda
HP_Chamba,HP_Kangra
HP_Chamba,HP_LahaulandSpiti
HP_Chamba,JK_Kathua
HP_Chamba,PB_Pathankot
HP_Chamba,JK_Kishtwar
HP_Hamirpur,CT_Bilaspur
HP_Hamirpur,UP_KanpurNagar
HP_Hamirpur,UP_KanpurDehat
HP_Kangra,PB_Gurdaspur
HP_Kangra,PB_Hoshiarpur
HP_Kangra,HP_LahaulandSpiti
HP_Kangra,HP_Hamirpur
HP_Kangra,PB_Pathankot
HP_Kangra,HP_Una
HP_Kangra,HP_Mandi
HP_Kinnaur,HP_Shimla
HP_Kinnaur,UT_Uttarkashi
HP_Kinnaur,HP_LahaulandSpiti
HP_Kinnaur,HP_Kullu
HP_Kullu,HP_LahaulandSpiti
HP_Kullu,HP_Shimla
HP_Kullu,HP_Mandi
HP_Kullu,HP_Kangra
HP_Lahaul and Spiti,LA_Leh
HP_Lahaul and Spiti,LA_Kargil
HP_Lahaul and Spiti,HP_Kullu
HP_Lahaul and Spiti,JK_Kishtwar
HP_Lahaul and Spiti,HP_Kangra
HP_Lahaul and Spiti,HP_Chamba
HP_Lahaul and Spiti,HP_Kinnaur
HP_Mandi,CT_Bilaspur
HP_Mandi,HP_Solan
HP_Mandi,HP_Hamirpur
HP_Shimla,UT_Dehradun
HP_Shimla,HP_Sirmaur
HP_Shimla,HP_Mandi
HP_Shimla,HP_Solan
HP_Shimla,UT_Uttarkashi
HP_Sirmaur,HR_Ambala
HP_Sirmaur,UT_Dehradun
HP_Sirmaur,HR_Panchkula
HP_Sirmaur,UP_Saharanpur
HP_Sirmaur,HR_Yamunanagar
HP_Solan,CT_Bilaspur
HP_Solan,HR_Panchkula
HP_Solan,PB_S.A.S.Nagar
HP_Solan,HP_Sirmaur
HP_Una,CT_Bilaspur
HP_Una,HP_Hamirpur
HP_Una,PB_Hoshiarpur
HP_Una,PB_Rupnagar
HR_Ambala,PB_S.A.S.Nagar
HR_Ambala,PB_Patiala
HR_Ambala,HR_Yamunanagar
HR_Ambala,HR_Kurukshetra
HR_Bhiwani,HR_CharkhiDadri
HR_Bhiwani,RJ_Jhunjhunu
HR_Bhiwani,RJ_Hanumangarh
HR_Bhiwani,HR_Mahendragarh
HR_Bhiwani,RJ_Churu
HR_Charkhi Dadri,HR_Jhajjar
HR_Charkhi Dadri,HR_Rohtak
HR_Charkhi Dadri,HR_Mahendragarh
HR_Charkhi Dadri,HR_Bhiwani
HR_Faridabad,UP_GautamBuddhaNagar
HR_Faridabad,DL_SouthDelhi
HR_Faridabad,HR_Palwal
HR_Faridabad,DL_SouthEastDelhi
HR_Fatehabad,RJ_Hanumangarh
HR_Fatehabad,PB_Sangrur
HR_Fatehabad,PB_Mansa
HR_Fatehabad,HR_Sirsa
HR_Gurugram,DL_NewDelhi
HR_Gurugram,HR_Palwal
HR_Gurugram,DL_SouthDelhi
HR_Gurugram,HR_Faridabad
HR_Gurugram,HR_Nuh
HR_Gurugram,HR_Rewari
HR_Gurugram,DL_SouthWestDelhi
HR_Hisar,HR_Bhiwani
HR_Hisar,HR_Fatehabad
HR_Hisar,RJ_Hanumangarh
HR_Jhajjar,DL_SouthWestDelhi
HR_Jhajjar,HR_Rewari
HR_Jhajjar,DL_NorthWestDelhi
HR_Jhajjar,delhi
HR_Jhajjar,HR_CharkhiDadri
HR_Jhajjar,HR_Gurugram
HR_Jhajjar,HR_Rohtak
HR_Jhajjar,HR_Mahendragarh
HR_Jind,PB_Sangrur
HR_Jind,HR_Rohtak
HR_Jind,HR_Hisar
HR_Jind,HR_Fatehabad
HR_Kaithal,HR_Jind
HR_Karnal,HR_Jind
HR_Karnal,HR_Kaithal
HR_Karnal,UP_Shamli
HR_Karnal,HR_Panipat
HR_Kurukshetra,HR_Karnal
HR_Kurukshetra,HR_Kaithal
HR_Kurukshetra,PB_Patiala
HR_Mahendragarh,RJ_Alwar
HR_Mahendragarh,HR_Rewari
HR_Mahendragarh,RJ_Jhunjhunu
HR_Mahendragarh,RJ_Jaipur
HR_Mahendragarh,RJ_Sikar
HR_Mahendragarh,HR_CharkhiDadri
HR_Nuh,HR_Palwal
HR_Nuh,RJ_Bharatpur
HR_Nuh,UP_Mathura
HR_Palwal,UP_GautamBuddhaNagar
HR_Palwal,UP_Aligarh
HR_Palwal,UP_Mathura
HR_Panchkula,CH_Chandigarh
HR_Panchkula,HR_Ambala
HR_Panchkula,PB_S.A.S.Nagar
HR_Panipat,HR_Jind
HR_Panipat,UP_Shamli
HR_Rewari,HR_Nuh
HR_Rewari,RJ_Alwar
HR_Rohtak,HR_CharkhiDadri
HR_Rohtak,HR_Bhiwani
HR_Rohtak,HR_Hisar
HR_Sirsa,PB_SriMuktsarSahib
HR_Sirsa,PB_Bathinda
HR_Sirsa,PB_Mansa
HR_Sonipat,HR_Rohtak
HR_Sonipat,HR_Panipat
HR_Sonipat,HR_Jhajjar
HR_Sonipat,DL_NorthWestDelhi
HR_Sonipat,DL_NorthDelhi
HR_Sonipat,UP_Baghpat
HR_Sonipat,HR_Jind
HR_Yamunanagar,HR_Kurukshetra
HR_Yamunanagar,HR_Karnal
JH_Bokaro,JH_Dhanbad
JH_Bokaro,JH_Ramgarh
JH_Chatra,JH_Latehar
JH_Chatra,JH_Ranchi
JH_Chatra,JH_Hazaribagh
JH_Deoghar,JH_Jamtara
JH_Deoghar,JH_Giridih
JH_Deoghar,JH_Dumka
JH_Dhanbad,WB_PaschimBardhaman
JH_Dumka,WB_Birbhum
JH_Dumka,JH_Jamtara
JH_Dumka,JH_Pakur
JH_East Singhbhum,WB_Purulia
JH_East Singhbhum,OR_Sundargarh
JH_East Singhbhum,JH_Saraikela-Kharsawan
JH_East Singhbhum,JH_Khunti
JH_East Singhbhum,JH_Saraikela-Kharsawan
JH_East Singhbhum,WB_Jhargram
JH_East Singhbhum,JH_Simdega
JH_East Singhbhum,OR_Mayurbhanj
JH_East Singhbhum,OR_Kendujhar
JH_Garhwa,JH_Latehar
JH_Garhwa,JH_Palamu
JH_Garhwa,CT_Balrampur
JH_Giridih,JH_Hazaribagh
JH_Giridih,BR_Nawada
JH_Giridih,JH_Bokaro
JH_Giridih,JH_Koderma
JH_Giridih,JH_Dhanbad
JH_Giridih,JH_Jamtara
JH_Godda,JH_Pakur
JH_Godda,BR_Banka
JH_Godda,JH_Dumka
JH_Gumla,CT_Jashpur
JH_Gumla,JH_Lohardaga
JH_Gumla,JH_Khunti
JH_Gumla,JH_Simdega
JH_Gumla,CT_Balrampur
JH_Hazaribagh,JH_Bokaro
JH_Hazaribagh,JH_Ranchi
JH_Hazaribagh,JH_Ramgarh
JH_Jamtara,JH_Dhanbad
JH_Jamtara,WB_PaschimBardhaman
JH_Jamtara,WB_Birbhum
JH_Khunti,JH_WestSinghbhum
JH_Khunti,JH_Simdega
JH_Koderma,JH_Hazaribagh
JH_Latehar,JH_Gumla
JH_Latehar,JH_Lohardaga
JH_Latehar,CT_Balrampur
JH_Palamu,BR_Aurangabad
JH_Palamu,BR_Gaya
JH_Palamu,JH_Latehar
JH_Palamu,JH_Chatra
JH_Ranchi,JH_Gumla
JH_Ranchi,JH_Ramgarh
JH_Ranchi,JH_Lohardaga
JH_Ranchi,JH_Saraikela-Kharsawan
JH_Ranchi,JH_Latehar
JH_Ranchi,JH_Khunti
JH_Sahibganj,JH_Godda
JH_Sahibganj,BR_Bhagalpur
JH_Sahibganj,JH_Pakur
JH_Saraikela-Kharsawan,JH_WestSinghbhum
JH_Saraikela-Kharsawan,OR_Mayurbhanj
JH_Saraikela-Kharsawan,JH_Khunti
JH_Saraikela-Kharsawan,JH_EastSinghbhum
JH_Simdega,OR_Sundargarh
JH_Simdega,JH_WestSinghbhum
JK_Anantnag,JK_Ramban
JK_Anantnag,JK_Srinagar
JK_Anantnag,JK_Pulwama
JK_Anantnag,JK_Ganderbal
JK_Anantnag,JK_Kulgam
JK_Anantnag,JK_Shopiyan
JK_Bandipora,JK_Srinagar
JK_Bandipora,JK_Ganderbal
JK_Bandipora,JK_Baramulla
JK_Bandipora,JK_Kupwara
JK_Baramulla,JK_Srinagar
JK_Baramulla,JK_Kupwara
JK_Budgam,JK_Srinagar
JK_Budgam,JK_Baramulla
JK_Budgam,JK_Shopiyan
JK_Budgam,JK_Pulwama
JK_Doda,JK_Udhampur
JK_Doda,JK_Anantnag
JK_Doda,JK_Ramban
JK_Ganderbal,JK_Srinagar
JK_Jammu,JK_Reasi
JK_Jammu,JK_Rajouri
JK_Jammu,JK_Samba
JK_Kathua,JK_Udhampur
JK_Kathua,PB_Pathankot
JK_Kathua,JK_Samba
JK_Kathua,JK_Doda
JK_Kishtwar,JK_Anantnag
JK_Kishtwar,JK_Doda
JK_Kishtwar,HP_LahaulandSpiti
JK_Kulgam,JK_Budgam
JK_Kulgam,JK_Shopiyan
JK_Pulwama,JK_Shopiyan
JK_Pulwama,JK_Srinagar
JK_Punch,JK_Budgam
JK_Punch,JK_Kulgam
JK_Punch,JK_Baramulla
JK_Rajouri,JK_Punch
JK_Rajouri,JK_Kulgam
JK_Ramban,JK_Kulgam
JK_Reasi,JK_Kulgam
JK_Reasi,JK_Ramban
JK_Reasi,JK_Punch
JK_Reasi,JK_Rajouri
JK_Udhampur,JK_Reasi
JK_Udhampur,JK_Jammu
JK_Udhampur,JK_Samba
JK_Udhampur,JK_Ramban
KA_Bagalkote,CT_Bijapur
KA_Bagalkote,KA_Koppal
KA_Bagalkote,KA_Gadag
KA_Bagalkote,KA_Raichur
KA_Ballari,KA_Raichur
KA_Ballari,KA_Koppal
KA_Ballari,AP_Kurnool
KA_Ballari,KA_Gadag
KA_Ballari,KA_Haveri
KA_Ballari,AP_Anantapur
KA_Belagavi,GA_NorthGoa
KA_Belagavi,KA_Gadag
KA_Belagavi,KA_Dharwad
KA_Belagavi,KA_Bagalkote
KA_Belagavi,KA_UttaraKannada
KA_Belagavi,CT_Bijapur
KA_Bengaluru Rural,KA_Kolar
KA_Bengaluru Rural,KA_Tumakuru
KA_Bengaluru Rural,KA_BengaluruUrban
KA_Bengaluru Rural,KA_Chikkaballapura
KA_Bengaluru Rural,TN_Krishnagiri
KA_Bengaluru Rural,KA_Ramanagara
KA_Bengaluru Urban,TN_Krishnagiri
KA_Bengaluru Urban,KA_Ramanagara
KA_Bengaluru Urban,KA_BengaluruRural
KA_Bidar,TG_Kamareddy
KA_Bidar,TG_Sangareddy
KA_Bidar,KA_Kalaburagi
KA_Chamarajanagara,KA_Mandya
KA_Chamarajanagara,TN_Krishnagiri
KA_Chamarajanagara,KA_Mysuru
KA_Chamarajanagara,TN_Salem
KA_Chamarajanagara,KA_Ramanagara
KA_Chamarajanagara,TN_Dharmapuri
KA_Chikkaballapura,AP_Anantapur
KA_Chikkaballapura,KA_BengaluruRural
KA_Chikkamagaluru,KA_Chitradurga
KA_Chikkamagaluru,KA_Shivamogga
KA_Chikkamagaluru,KA_Davanagere
KA_Chikkamagaluru,KA_DakshinaKannada
KA_Chikkamagaluru,KA_Tumakuru
KA_Chitradurga,AP_Anantapur
KA_Chitradurga,KA_Davanagere
KA_Chitradurga,KA_Ballari
KA_Dakshina Kannada,KA_Chikkamagaluru
KA_Dakshina Kannada,KL_Kasaragod
KA_Dakshina Kannada,KA_Udupi
KA_Dakshina Kannada,KA_Hassan
KA_Dakshina Kannada,KA_Kodagu
KA_Davanagere,KA_Haveri
KA_Davanagere,KA_Ballari
KA_Dharwad,KA_Gadag
KA_Dharwad,KA_UttaraKannada
KA_Dharwad,KA_Haveri
KA_Gadag,KA_Haveri
KA_Gadag,KA_Koppal
KA_Hassan,KA_Chikkamagaluru
KA_Hassan,KA_DakshinaKannada
KA_Hassan,KA_Tumakuru
KA_Haveri,KA_UttaraKannada
KA_Kalaburagi,TG_YadadriBhuvanagiri
KA_Kalaburagi,TG_Sangareddy
KA_Kalaburagi,CT_Bijapur
KA_Kalaburagi,TG_Narayanpet
KA_Kalaburagi,TG_Vikarabad
KA_Kodagu,KL_Kasaragod
KA_Kodagu,KA_DakshinaKannada
KA_Kodagu,KA_Hassan
KA_Kolar,KA_Chikkaballapura
KA_Kolar,KA_BengaluruRural
KA_Koppal,KA_Raichur
KA_Mandya,KA_Tumakuru
KA_Mandya,KA_Hassan
KA_Mandya,KA_Ramanagara
KA_Mysuru,KA_Mandya
KA_Mysuru,KA_Hassan
KA_Mysuru,KA_Kodagu
KA_Raichur,TG_Narayanpet
KA_Raichur,TG_YadadriBhuvanagiri
KA_Raichur,CT_Bijapur
KA_Raichur,AP_Kurnool
KA_Raichur,TG_JogulambaGadwal
KA_Ramanagara,KA_BengaluruRural
KA_Ramanagara,KA_BengaluruUrban
KA_Ramanagara,KA_Tumakuru
KA_Shivamogga,KA_UttaraKannada
KA_Shivamogga,KA_Haveri
KA_Shivamogga,KA_Davanagere
KA_Tumakuru,KA_BengaluruRural
KA_Tumakuru,KA_Chikkaballapura
KA_Tumakuru,AP_Anantapur
KA_Tumakuru,KA_Chitradurga
KA_Udupi,KA_UttaraKannada
KA_Udupi,KA_DakshinaKannada
KA_Udupi,KA_Shivamogga
KA_Udupi,KA_Chikkamagaluru
KA_Uttara Kannada,KA_Shivamogga
KA_Uttara Kannada,KA_Haveri
KA_Uttara Kannada,GA_SouthGoa
KA_Uttara Kannada,KA_Belagavi
KA_Uttara Kannada,KA_Dharwad
KA_Uttara Kannada,KA_Udupi
KA_Uttara Kannada,GA_NorthGoa
KL_Ernakulam,KL_Thrissur
KL_Ernakulam,KL_Alappuzha
KL_Ernakulam,KL_Kottayam
KL_Idukki,KL_Ernakulam
KL_Idukki,KL_Pathanamthitta
KL_Idukki,KL_Kottayam
KL_Idukki,TN_Theni
KL_Idukki,TN_Dindigul
KL_Idukki,TN_Tiruppur
KL_Kannur,PY_Mahe
KL_Kannur,KA_Kodagu
KL_Kannur,KL_Kasaragod
KL_Kasaragod,KA_DakshinaKannada
KL_Kollam,KL_Pathanamthitta
KL_Kollam,KL_Alappuzha
KL_Kottayam,KL_Alappuzha
KL_Kozhikode,PY_Mahe
KL_Kozhikode,KL_Kannur
KL_Malappuram,KL_Thrissur
KL_Malappuram,KL_Wayanad
KL_Malappuram,MH_Palghar
KL_Malappuram,KL_Kozhikode
KL_Pathanamthitta,KL_Kottayam
KL_Pathanamthitta,KL_Alappuzha
KL_Thiruvananthapuram,KL_Kollam
KL_Thrissur,MH_Palghar
KL_Wayanad,KA_Chamarajanagara
KL_Wayanad,KA_Mysuru
KL_Wayanad,KA_Kodagu
KL_Wayanad,KL_Kannur
KL_Wayanad,KL_Kozhikode
LA_Kargil,HP_LahaulandSpiti
LA_Kargil,JK_Bandipora
LA_Kargil,JK_Ganderbal
LA_Kargil,JK_Kishtwar
LA_Kargil,JK_Anantnag
LA_Leh,HP_LahaulandSpiti
LA_Leh,LA_Kargil
MH_Ahmednagar,BR_Aurangabad
MH_Ahmednagar,MH_Osmanabad
MH_Ahmednagar,MH_Thane
MH_Ahmednagar,MH_Beed
MH_Ahmednagar,MH_Pune
MH_Ahmednagar,MH_Solapur
MH_Akola,MH_Buldhana
MH_Amravati,MH_Washim
MH_Amravati,MH_Yavatmal
MH_Amravati,MH_Nagpur
MH_Amravati,MP_Chhindwara
MH_Amravati,MH_Buldhana
MH_Amravati,MH_Wardha
MH_Amravati,MH_Akola
MH_Amravati,MP_Burhanpur
MH_Beed,MH_Osmanabad
MH_Beed,MH_Parbhani
MH_Beed,MH_Jalna
MH_Beed,BR_Aurangabad
MH_Beed,MH_Latur
MH_Bhandara,MH_Chandrapur
MH_Buldhana,MH_Jalna
MH_Chandrapur,TG_Adilabad
MH_Chandrapur,MH_Wardha
MH_Chandrapur,TG_KomaramBheem
MH_Chandrapur,MH_Yavatmal
MH_Dhule,MP_Barwani
MH_Dhule,MH_Nashik
MH_Dhule,MH_Jalgaon
MH_Gadchiroli,TG_KomaramBheem
MH_Gadchiroli,CT_Narayanpur
MH_Gadchiroli,CT_Bijapur
MH_Gadchiroli,MH_Chandrapur
MH_Gadchiroli,CT_UttarBastarKanker
MH_Gadchiroli,MH_Bhandara
MH_Gadchiroli,TG_Mancherial
MH_Gadchiroli,TG_JayashankarBhupalapally
MH_Gondia,MH_Bhandara
MH_Gondia,MH_Gadchiroli
MH_Hingoli,MH_Parbhani
MH_Jalgaon,BR_Aurangabad
MH_Jalgaon,MH_Buldhana
MH_Jalgaon,MP_Burhanpur
MH_Jalgaon,MH_Jalna
MH_Jalna,BR_Aurangabad
MH_Kolhapur,MH_Sindhudurg
MH_Kolhapur,KA_Belagavi
MH_Latur,KA_Bidar
MH_Nagpur,MH_Chandrapur
MH_Nagpur,MH_Wardha
MH_Nagpur,MH_Bhandara
MH_Nanded,MH_Latur
MH_Nanded,TG_Nizamabad
MH_Nanded,TG_Adilabad
MH_Nanded,MH_Hingoli
MH_Nanded,TG_Kamareddy
MH_Nanded,KA_Bidar
MH_Nanded,TG_Nirmal
MH_Nanded,MH_Parbhani
MH_Nandurbar,MH_Dhule
MH_Nandurbar,MP_Barwani
MH_Nandurbar,GJ_Tapi
MH_Nandurbar,GJ_ChhotaUdaipur
MH_Nashik,MH_Palghar
MH_Nashik,BR_Aurangabad
MH_Nashik,GJ_Valsad
MH_Nashik,MH_Jalgaon
MH_Nashik,MH_Ahmednagar
MH_Nashik,MH_Thane
MH_Osmanabad,KA_Kalaburagi
MH_Osmanabad,MH_Latur
MH_Osmanabad,KA_Bidar
MH_Parbhani,MH_Jalna
MH_Parbhani,MH_Latur
MH_Parbhani,MH_Buldhana
MH_Pune,MH_Raigad
MH_Pune,MH_Solapur
MH_Pune,MH_Satara
MH_Raigad,MH_Ratnagiri
MH_Ratnagiri,MH_Sindhudurg
MH_Ratnagiri,MH_Kolhapur
MH_Ratnagiri,MH_Sangli
MH_Sangli,MH_Kolhapur
MH_Sangli,KA_Belagavi
MH_Sangli,CT_Bijapur
MH_Satara,MH_Raigad
MH_Satara,MH_Ratnagiri
MH_Satara,MH_Sangli
MH_Sindhudurg,KA_Belagavi
MH_Sindhudurg,GA_NorthGoa
MH_Solapur,MH_Satara
MH_Solapur,CT_Bijapur
MH_Solapur,MH_Osmanabad
MH_Solapur,MH_Sangli
MH_Solapur,KA_Kalaburagi
MH_Thane,MH_Palghar
MH_Thane,MH_Pune
MH_Thane,MH_MumbaiSuburban
MH_Thane,MH_Raigad
MH_Wardha,MH_Yavatmal
MH_Washim,MH_Hingoli
MH_Washim,MH_Akola
MH_Washim,MH_Buldhana
MH_Washim,MH_Parbhani
MH_Yavatmal,TG_Adilabad
MH_Yavatmal,MH_Nanded
MH_Yavatmal,MH_Washim
MH_Yavatmal,MH_Hingoli
ML_North Garo Hills,AS_Kamrup
ML_North Garo Hills,ML_NorthGaroHills
ML_North Garo Hills,ML_WestKhasiHills
ML_North Garo Hills,ML_WestGaroHills
ML_North Garo Hills,ML_SouthGaroHills
ML_North Garo Hills,ML_WestGaroHills
ML_North Garo Hills,AS_Goalpara
ML_North Garo Hills,ML_EastGaroHills
ML_North Garo Hills,ML_SouthWestKhasiHills
ML_North Garo Hills,ML_NorthGaroHills
ML_North Garo Hills,ML_SouthWestGaroHills
ML_North Garo Hills,AS_SouthSalmaraMankachar
ML_Ribhoi,AS_KamrupMetropolitan
ML_Ribhoi,AS_Morigaon
ML_Ribhoi,ML_WestKhasiHills
ML_Ribhoi,AS_WestKarbiAnglong
ML_Ribhoi,ML_WestJaintiaHills
ML_Ribhoi,ML_EastKhasiHills
ML_West Jaintia Hills,ML_EastJaintiaHills
ML_West Jaintia Hills,AS_Cachar
ML_West Jaintia Hills,ML_EastKhasiHills
ML_West Jaintia Hills,AS_DimaHasao
ML_West Jaintia Hills,AS_WestKarbiAnglong
ML_West Jaintia Hills,ML_WestJaintiaHills
ML_West Jaintia Hills,ML_Ribhoi
ML_West Khasi Hills,AS_Kamrup
ML_West Khasi Hills,ML_WestKhasiHills
ML_West Khasi Hills,ML_WestKhasiHills
ML_West Khasi Hills,ML_Ribhoi
ML_West Khasi Hills,ML_SouthWestKhasiHills
ML_West Khasi Hills,ML_SouthGaroHills
ML_West Khasi Hills,ML_EastGaroHills
ML_West Khasi Hills,ML_WestJaintiaHills
ML_West Khasi Hills,ML_EastKhasiHills
ML_West Khasi Hills,ML_NorthGaroHills
MN_Chandel,MN_Tengnoupal
MN_Chandel,MN_Kakching
MN_Churachandpur,MN_Bishnupur
MN_Churachandpur,MN_Noney
MN_Churachandpur,MN_Kakching
MN_Churachandpur,MN_Chandel
MN_Imphal West,MN_ImphalEast
MN_Imphal West,MN_Thoubal
MN_Imphal West,MN_Kakching
MN_Imphal West,MN_Bishnupur
MN_Imphal West,MN_Kangpokpi
MN_Kakching,MN_Bishnupur
MN_Kakching,MN_ImphalWest
MN_Kakching,MN_Thoubal
MN_Kakching,MN_Tengnoupal
MN_Kamjong,MN_Tengnoupal
MN_Kangpokpi,MN_Tamenglong
MN_Kangpokpi,MN_ImphalEast
MN_Kangpokpi,MN_Noney
MN_Kangpokpi,MN_Ukhrul
MN_Kangpokpi,MN_Tengnoupal
MN_Kangpokpi,MN_Senapati
MN_Kangpokpi,MN_Kamjong
MN_Kangpokpi,MN_ImphalWest
MN_Kangpokpi,MN_Thoubal
MN_Kangpokpi,MN_Bishnupur
MN_Pherzawl,MN_Noney
MN_Pherzawl,MZ_Champhai
MN_Pherzawl,MN_Churachandpur
MN_Pherzawl,MN_Jiribam
MN_Ukhrul,MN_Kamjong
MN_Ukhrul,NL_Phek
MN_Ukhrul,MN_Senapati
MP_Agar Malwa,RJ_Jhalawar
MP_Agar Malwa,MP_Ujjain
MP_Agar Malwa,MP_Rajgarh
MP_Agar Malwa,MP_Ratlam
MP_Agar Malwa,MP_Shajapur
MP_Alirajpur,GJ_ChhotaUdaipur
MP_Alirajpur,MH_Nandurbar
MP_Alirajpur,MP_Barwani
MP_Alirajpur,MP_Dhar
MP_Anuppur,CT_Bilaspur
MP_Anuppur,MP_Dindori
MP_Anuppur,MP_Shahdol
MP_Anuppur,MP_Umaria
MP_Ashoknagar,MP_Vidisha
MP_Balaghat,MP_Seoni
MP_Balaghat,MH_Gondia
MP_Balaghat,MH_Nagpur
MP_Balaghat,MH_Bhandara
MP_Balaghat,MP_Mandla
MP_Barwani,MH_Jalgaon
MP_Barwani,MP_Khargone
MP_Betul,MP_Chhindwara
MP_Betul,MH_Amravati
MP_Betul,MP_Hoshangabad
MP_Bhind,MP_Gwalior
MP_Bhind,UP_Jalaun
MP_Bhind,MP_Datia
MP_Bhind,UP_Jhansi
MP_Bhopal,MP_Vidisha
MP_Bhopal,MP_Raisen
MP_Bhopal,MP_Sehore
MP_Burhanpur,MH_Buldhana
MP_Chhatarpur,MP_Tikamgarh
MP_Chhatarpur,MP_Sagar
MP_Chhatarpur,MP_Damoh
MP_Chhatarpur,UP_Banda
MP_Chhatarpur,MP_Panna
MP_Chhindwara,MP_Seoni
MP_Chhindwara,MH_Nagpur
MP_Damoh,MP_Katni
MP_Damoh,MP_Jabalpur
MP_Damoh,MP_Narsinghpur
MP_Datia,MP_Gwalior
MP_Dewas,MP_Indore
MP_Dewas,MP_Harda
MP_Dewas,MP_Khargone
MP_Dewas,MP_Khandwa
MP_Dhar,MP_Khargone
MP_Dhar,MP_Ujjain
MP_Dhar,MP_Indore
MP_Dhar,MP_Barwani
MP_Dindori,MP_Jabalpur
MP_Dindori,MP_Umaria
MP_Dindori,MP_Mandla
MP_Guna,MP_Vidisha
MP_Guna,MP_Rajgarh
MP_Guna,MP_Ashoknagar
MP_Guna,MP_Bhopal
MP_Harda,MP_Betul
MP_Harda,MP_Hoshangabad
MP_Hoshangabad,MP_Chhindwara
MP_Indore,MP_Khargone
MP_Jabalpur,MP_Seoni
MP_Jhabua,MP_Dhar
MP_Jhabua,MP_Alirajpur
MP_Katni,MP_Jabalpur
MP_Katni,MP_Umaria
MP_Khandwa,MP_Burhanpur
MP_Khandwa,MP_Harda
MP_Khandwa,MP_Betul
MP_Khandwa,MH_Amravati
MP_Khargone,MP_Burhanpur
MP_Khargone,MH_Jalgaon
MP_Khargone,MP_Khandwa
MP_Mandla,MP_Jabalpur
MP_Mandla,MP_Seoni
MP_Mandsaur,MP_Neemuch
MP_Mandsaur,MP_Ratlam
MP_Mandsaur,RJ_Pratapgarh
MP_Mandsaur,RJ_Chittorgarh
MP_Morena,MP_Bhind
MP_Morena,MP_Sheopur
MP_Morena,MP_Shivpuri
MP_Morena,MP_Gwalior
MP_Narsinghpur,MP_Hoshangabad
MP_Narsinghpur,MP_Chhindwara
MP_Narsinghpur,MP_Seoni
MP_Narsinghpur,MP_Jabalpur
MP_Neemuch,RJ_Pratapgarh
MP_Panna,MP_Katni
MP_Panna,MP_Satna
MP_Panna,MP_Damoh
MP_Raisen,MP_Hoshangabad
MP_Raisen,MP_Narsinghpur
MP_Rajgarh,MP_Sehore
MP_Rajgarh,MP_Shajapur
MP_Rajgarh,MP_AgarMalwa
MP_Rajgarh,MP_Bhopal
MP_Ratlam,MP_Ujjain
MP_Ratlam,RJ_Pratapgarh
MP_Ratlam,MP_Dhar
MP_Ratlam,MP_AgarMalwa
MP_Ratlam,MP_Jhabua
MP_Ratlam,RJ_Banswara
MP_Rewa,MP_Sidhi
MP_Rewa,MP_Satna
MP_Rewa,MP_Singrauli
MP_Sagar,MP_Vidisha
MP_Sagar,MP_Raisen
MP_Sagar,MP_Narsinghpur
MP_Sagar,MP_Ashoknagar
MP_Sagar,MP_Damoh
MP_Satna,MP_Katni
MP_Satna,MP_Shahdol
MP_Satna,MP_Umaria
MP_Satna,MP_Sidhi
MP_Sehore,MP_Harda
MP_Sehore,MP_Dewas
MP_Sehore,MP_Raisen
MP_Sehore,MP_Hoshangabad
MP_Sehore,MP_Shajapur
MP_Seoni,MH_Nagpur
MP_Shahdol,MP_Umaria
MP_Shajapur,MP_Dewas
MP_Shajapur,MP_Ujjain
MP_Shajapur,MP_AgarMalwa
MP_Sheopur,RJ_SawaiMadhopur
MP_Sheopur,RJ_Baran
MP_Sheopur,RJ_Kota
MP_Sheopur,MP_Shivpuri
MP_Shivpuri,MP_Gwalior
MP_Shivpuri,MP_Ashoknagar
MP_Shivpuri,UP_Lalitpur
MP_Shivpuri,MP_Datia
MP_Shivpuri,UP_Jhansi
MP_Shivpuri,MP_Guna
MP_Sidhi,MP_Shahdol
MP_Singrauli,CT_Balrampur
MP_Singrauli,CT_Koriya
MP_Singrauli,MP_Sidhi
MP_Singrauli,CT_Surajpur
MP_Tikamgarh,MP_Niwari
MP_Ujjain,MP_Dewas
MP_Ujjain,MP_AgarMalwa
MP_Ujjain,MP_Indore
MP_Umaria,MP_Jabalpur
MP_Vidisha,MP_Raisen
MZ_Aizawl,MZ_Mamit
MZ_Aizawl,MZ_Serchhip
MZ_Aizawl,MZ_Champhai
MZ_Aizawl,MZ_Kolasib
MZ_Aizawl,MZ_Lunglei
MZ_Aizawl,MN_Pherzawl
MZ_Kolasib,MZ_Mamit
MZ_Kolasib,AS_Hailakandi
MZ_Lawngtlai,MZ_Lunglei
MZ_Lawngtlai,MZ_Saiha
MZ_Lunglei,MZ_Serchhip
MZ_Mamit,MZ_Lunglei
MZ_Mamit,AS_Hailakandi
MZ_Mamit,TR_NorthTripura
MZ_Serchhip,MZ_Champhai
NL_Dimapur,NL_Kohima
NL_Dimapur,NL_Peren
NL_Dimapur,AS_Golaghat
NL_Dimapur,AS_KarbiAnglong
NL_Kiphire,NL_Tuensang
NL_Kohima,NL_Zunheboto
NL_Kohima,NL_Phek
NL_Kohima,MN_Senapati
NL_Kohima,NL_Wokha
NL_Kohima,AS_Golaghat
NL_Longleng,NL_Tuensang
NL_Mokokchung,NL_Longleng
NL_Mokokchung,AS_Jorhat
NL_Mokokchung,NL_Zunheboto
NL_Mokokchung,NL_Tuensang
NL_Mon,AS_Charaideo
NL_Mon,NL_Tuensang
NL_Mon,NL_Longleng
NL_Peren,AS_DimaHasao
NL_Peren,NL_Kohima
NL_Peren,MN_Senapati
NL_Peren,MN_Tamenglong
NL_Peren,AS_KarbiAnglong
NL_Phek,NL_Kiphire
NL_Phek,MN_Senapati
NL_Phek,NL_Zunheboto
NL_Wokha,NL_Zunheboto
NL_Wokha,NL_Mokokchung
NL_Wokha,AS_Golaghat
NL_Wokha,AS_Jorhat
NL_Zunheboto,NL_Tuensang
NL_Zunheboto,NL_Kiphire
OR_Angul,OR_Deogarh
OR_Angul,OR_Nayagarh
OR_Angul,OR_Dhenkanal
OR_Angul,OR_Cuttack
OR_Balangir,OR_Kandhamal
OR_Balangir,OR_Kalahandi
OR_Balangir,OR_Subarnapur
OR_Balangir,OR_Boudh
OR_Bargarh,OR_Balangir
OR_Bargarh,OR_Subarnapur
OR_Bargarh,OR_Jharsuguda
OR_Bargarh,OR_Nuapada
OR_Bargarh,OR_Sambalpur
OR_Bhadrak,UT_Bageshwar
OR_Boudh,OR_Angul
OR_Boudh,OR_Kandhamal
OR_Boudh,OR_Nayagarh
OR_Cuttack,OR_Dhenkanal
OR_Cuttack,OR_Jagatsinghpur
OR_Cuttack,OR_Jajpur
OR_Cuttack,OR_Kendrapara
OR_Cuttack,OR_Puri
OR_Dhenkanal,OR_Jajpur
OR_Gajapati,AP_Srikakulam
OR_Ganjam,OR_Gajapati
OR_Ganjam,AP_Srikakulam
OR_Ganjam,OR_Puri
OR_Jagatsinghpur,OR_Kendrapara
OR_Jajpur,OR_Bhadrak
OR_Jajpur,OR_Kendrapara
OR_Jharsuguda,OR_Sambalpur
OR_Kalahandi,OR_Rayagada
OR_Kalahandi,OR_Kandhamal
OR_Kandhamal,OR_Ganjam
OR_Kandhamal,OR_Nayagarh
OR_Kandhamal,OR_Gajapati
OR_Kandhamal,OR_Rayagada
OR_Kendrapara,OR_Bhadrak
OR_Kendujhar,OR_Mayurbhanj
OR_Kendujhar,OR_Jajpur
OR_Kendujhar,UT_Bageshwar
OR_Kendujhar,OR_Dhenkanal
OR_Kendujhar,OR_Bhadrak
OR_Kendujhar,OR_Angul
OR_Kendujhar,JH_WestSinghbhum
OR_Khordha,OR_Cuttack
OR_Khordha,OR_Ganjam
OR_Khordha,OR_Puri
OR_Koraput,OR_Kalahandi
OR_Koraput,AP_Visakhapatnam
OR_Koraput,AP_Vizianagaram
OR_Koraput,OR_Malkangiri
OR_Koraput,OR_Rayagada
OR_Malkangiri,AP_EastGodavari
OR_Malkangiri,AP_Visakhapatnam
OR_Malkangiri,CT_Sukma
OR_Mayurbhanj,JH_WestSinghbhum
OR_Mayurbhanj,JH_EastSinghbhum
OR_Mayurbhanj,UT_Bageshwar
OR_Nabarangapur,OR_Kalahandi
OR_Nabarangapur,OR_Koraput
OR_Nabarangapur,CT_Kondagaon
OR_Nayagarh,OR_Khordha
OR_Nayagarh,OR_Cuttack
OR_Nayagarh,OR_Ganjam
OR_Nuapada,CT_Gariaband
OR_Nuapada,OR_Balangir
OR_Nuapada,OR_Kalahandi
OR_Puri,OR_Jagatsinghpur
OR_Rayagada,AP_Vizianagaram
OR_Rayagada,AP_Srikakulam
OR_Rayagada,OR_Gajapati
OR_Sambalpur,OR_Angul
OR_Sambalpur,OR_Deogarh
OR_Subarnapur,OR_Angul
OR_Subarnapur,OR_Boudh
OR_Subarnapur,OR_Sambalpur
OR_Sundargarh,CT_Raigarh
OR_Sundargarh,OR_Kendujhar
OR_Sundargarh,OR_Angul
OR_Sundargarh,OR_Sambalpur
OR_Sundargarh,OR_Deogarh
OR_Sundargarh,OR_Jharsuguda
OR_Sundargarh,JH_WestSinghbhum
PB_Amritsar,PB_TarnTaran
PB_Bathinda,PB_SriMuktsarSahib
PB_Bathinda,PB_Moga
PB_Bathinda,PB_Faridkot
PB_Bathinda,PB_Barnala
PB_Faridkot,PB_Ferozepur
PB_Faridkot,PB_SriMuktsarSahib
PB_Fatehgarh Sahib,PB_Rupnagar
PB_Fatehgarh Sahib,PB_Patiala
PB_Fatehgarh Sahib,PB_Sangrur
PB_Fatehgarh Sahib,PB_Ludhiana
PB_Fatehgarh Sahib,PB_S.A.S.Nagar
PB_Fazilka,PB_SriMuktsarSahib
PB_Fazilka,RJ_Ganganagar
PB_Ferozepur,PB_Kapurthala
PB_Ferozepur,PB_SriMuktsarSahib
PB_Ferozepur,PB_Fazilka
PB_Ferozepur,PB_TarnTaran
PB_Gurdaspur,PB_Kapurthala
PB_Gurdaspur,PB_Hoshiarpur
PB_Gurdaspur,PB_Amritsar
PB_Hoshiarpur,PB_Rupnagar
PB_Hoshiarpur,PB_Jalandhar
PB_Hoshiarpur,PB_ShahidBhagatSinghNagar
PB_Hoshiarpur,PB_Kapurthala
PB_Jalandhar,PB_Ferozepur
PB_Jalandhar,PB_ShahidBhagatSinghNagar
PB_Jalandhar,PB_Kapurthala
PB_Kapurthala,PB_Amritsar
PB_Kapurthala,PB_ShahidBhagatSinghNagar
PB_Kapurthala,PB_TarnTaran
PB_Ludhiana,PB_ShahidBhagatSinghNagar
PB_Ludhiana,PB_Moga
PB_Ludhiana,PB_Jalandhar
PB_Ludhiana,PB_Barnala
PB_Ludhiana,PB_FatehgarhSahib
PB_Mansa,PB_Bathinda
PB_Mansa,PB_Barnala
PB_Moga,PB_Ferozepur
PB_Moga,PB_Faridkot
PB_Moga,PB_Barnala
PB_Moga,PB_Jalandhar
PB_Pathankot,PB_Gurdaspur
PB_Patiala,PB_S.A.S.Nagar
PB_Patiala,PB_FatehgarhSahib
PB_Patiala,HR_Kaithal
PB_Patiala,HR_Jind
PB_Patiala,PB_Sangrur
PB_Rupnagar,PB_Ludhiana
PB_Rupnagar,PB_FatehgarhSahib
PB_Rupnagar,PB_ShahidBhagatSinghNagar
PB_Rupnagar,PB_S.A.S.Nagar
PB_Rupnagar,CT_Bilaspur
PB_Rupnagar,HP_Solan
PB_S.A.S. Nagar,PB_Patiala
PB_S.A.S. Nagar,CH_Chandigarh
PB_S.A.S. Nagar,HR_Panchkula
PB_S.A.S. Nagar,HP_Solan
PB_S.A.S. Nagar,PB_Rupnagar
PB_S.A.S. Nagar,PB_FatehgarhSahib
PB_S.A.S. Nagar,HR_Ambala
PB_Sangrur,PB_Mansa
PB_Sangrur,PB_Barnala
PB_Sangrur,PB_Ludhiana
PB_Sangrur,PB_FatehgarhSahib
PB_Shahid Bhagat Singh Nagar,PB_Hoshiarpur
PB_Shahid Bhagat Singh Nagar,PB_Kapurthala
PB_Shahid Bhagat Singh Nagar,PB_Jalandhar
PB_Shahid Bhagat Singh Nagar,PB_Ludhiana
PB_Shahid Bhagat Singh Nagar,PB_Rupnagar
PB_Sri Muktsar Sahib,PB_Faridkot
PB_Sri Muktsar Sahib,PB_Ferozepur
PB_Sri Muktsar Sahib,RJ_Hanumangarh
PB_Sri Muktsar Sahib,HR_Sirsa
PB_Sri Muktsar Sahib,PB_Bathinda
PB_Sri Muktsar Sahib,PB_Fazilka
PB_Tarn Taran,PB_Ferozepur
PB_Tarn Taran,PB_Amritsar
PB_Tarn Taran,PB_Kapurthala
PY_Karaikal,TN_Thiruvarur
RJ_Ajmer,RJ_Rajsamand
RJ_Ajmer,RJ_Bhilwara
RJ_Ajmer,RJ_Jaipur
RJ_Ajmer,RJ_Tonk
RJ_Alwar,RJ_Dausa
RJ_Alwar,HR_Nuh
RJ_Alwar,RJ_Jaipur
RJ_Alwar,RJ_Bharatpur
RJ_Banswara,GJ_Mahisagar
RJ_Banswara,GJ_Dahod
RJ_Banswara,RJ_Dungarpur
RJ_Banswara,MP_Jhabua
RJ_Banswara,RJ_Pratapgarh
RJ_Baran,MP_Guna
RJ_Baran,RJ_Jhalawar
RJ_Baran,MP_Shivpuri
RJ_Barmer,GJ_Kutch
RJ_Barmer,RJ_Jalore
RJ_Barmer,RJ_Jodhpur
RJ_Barmer,RJ_Jaisalmer
RJ_Barmer,RJ_Pali
RJ_Bharatpur,UP_Agra
RJ_Bharatpur,UP_Mathura
RJ_Bharatpur,RJ_Karauli
RJ_Bharatpur,RJ_Dausa
RJ_Bharatpur,RJ_Dholpur
RJ_Bhilwara,MP_Neemuch
RJ_Bhilwara,RJ_Bundi
RJ_Bhilwara,RJ_Chittorgarh
RJ_Bikaner,RJ_Nagaur
RJ_Bikaner,RJ_Ganganagar
RJ_Bikaner,RJ_Churu
RJ_Bikaner,RJ_Hanumangarh
RJ_Bundi,RJ_Chittorgarh
RJ_Bundi,RJ_SawaiMadhopur
RJ_Chittorgarh,MP_Neemuch
RJ_Chittorgarh,RJ_Pratapgarh
RJ_Churu,RJ_Jhunjhunu
RJ_Churu,RJ_Sikar
RJ_Dausa,RJ_Karauli
RJ_Dausa,RJ_SawaiMadhopur
RJ_Dholpur,UP_Agra
RJ_Dholpur,MP_Morena
RJ_Dholpur,RJ_Karauli
RJ_Dungarpur,RJ_Pratapgarh
RJ_Dungarpur,GJ_Aravalli
RJ_Dungarpur,GJ_Mahisagar
RJ_Hanumangarh,RJ_Ganganagar
RJ_Hanumangarh,PB_Fazilka
RJ_Hanumangarh,PB_SriMuktsarSahib
RJ_Hanumangarh,RJ_Churu
RJ_Hanumangarh,HR_Sirsa
RJ_Jaipur,RJ_Dausa
RJ_Jaipur,RJ_Tonk
RJ_Jaisalmer,RJ_Bikaner
RJ_Jalore,RJ_Pali
RJ_Jalore,GJ_Banaskantha
RJ_Jalore,RJ_Sirohi
RJ_Jalore,GJ_Kutch
RJ_Jhalawar,MP_AgarMalwa
RJ_Jhalawar,MP_Guna
RJ_Jhalawar,MP_Ratlam
RJ_Jhalawar,MP_Rajgarh
RJ_Jhalawar,MP_Mandsaur
RJ_Jhunjhunu,RJ_Sikar
RJ_Jodhpur,RJ_Bikaner
RJ_Jodhpur,RJ_Pali
RJ_Jodhpur,RJ_Jaisalmer
RJ_Jodhpur,RJ_Nagaur
RJ_Karauli,RJ_SawaiMadhopur
RJ_Karauli,MP_Morena
RJ_Karauli,MP_Sheopur
RJ_Kota,RJ_Chittorgarh
RJ_Kota,RJ_Baran
RJ_Kota,RJ_Jhalawar
RJ_Kota,MP_Mandsaur
RJ_Kota,RJ_Bundi
RJ_Kota,RJ_SawaiMadhopur
RJ_Nagaur,RJ_Ajmer
RJ_Nagaur,RJ_Jaipur
RJ_Nagaur,RJ_Sikar
RJ_Nagaur,RJ_Churu
RJ_Pali,RJ_Udaipur
RJ_Pali,RJ_Rajsamand
RJ_Pali,RJ_Sirohi
RJ_Pali,RJ_Ajmer
RJ_Pali,RJ_Nagaur
RJ_Rajsamand,RJ_Chittorgarh
RJ_Rajsamand,RJ_Udaipur
RJ_Rajsamand,RJ_Bhilwara
RJ_Sawai Madhopur,RJ_Dausa
RJ_Sawai Madhopur,MP_Sheopur
RJ_Sawai Madhopur,RJ_Tonk
RJ_Sawai Madhopur,RJ_Karauli
RJ_Sawai Madhopur,RJ_Kota
RJ_Sawai Madhopur,RJ_Bundi
RJ_Sikar,RJ_Jaipur
RJ_Sirohi,GJ_Sabarkantha
RJ_Sirohi,GJ_Banaskantha
RJ_Sirohi,RJ_Udaipur
RJ_Tonk,RJ_Bhilwara
RJ_Tonk,RJ_Bundi
RJ_Tonk,RJ_SawaiMadhopur
RJ_Tonk,RJ_Dausa
RJ_Udaipur,RJ_Chittorgarh
RJ_Udaipur,RJ_Dungarpur
RJ_Udaipur,RJ_Pratapgarh
RJ_Udaipur,GJ_Sabarkantha
RJ_Udaipur,GJ_Aravalli
SK_West Sikkim,SK_SouthSikkim
SK_West Sikkim,SK_NorthSikkim
SK_West Sikkim,WB_Darjeeling
SK_West Sikkim,SK_EastSikkim
SK_West Sikkim,SK_SouthSikkim
SK_West Sikkim,SK_WestSikkim
TG_Hyderabad,TG_RangaReddy
TG_Hyderabad,TG_MedchalMalkajgiri
TG_Jagtial,nizamabad
TG_Jagtial,TG_Mancherial
TG_Jagtial,TG_RajannaSircilla
TG_Jagtial,TG_Karimnagar
TG_Jangaon,TG_YadadriBhuvanagiri
TG_Jangaon,TG_WarangalUrban
TG_Jangaon,TG_Siddipet
TG_Jangaon,TG_WarangalRural
TG_Jangaon,TG_Mahabubabad
TG_Khammam,AP_WestGodavari
TG_Khammam,AP_Krishna
TG_Khammam,TG_Mahabubabad
TG_Khammam,TG_BhadradriKothagudem
TG_Khammam,TG_Suryapet
TG_Komaram Bheem,TG_Nirmal
TG_Komaram Bheem,TG_Mancherial
TG_Komaram Bheem,TG_Adilabad
TG_Komaram Bheem,MH_Gadchiroli
TG_Komaram Bheem,MH_Chandrapur
TG_Medchal Malkajgiri,TG_YadadriBhuvanagiri
TG_Medchal Malkajgiri,TG_Medak
TG_Medchal Malkajgiri,TG_Siddipet
TG_Medchal Malkajgiri,TG_Hyderabad
TG_Medchal Malkajgiri,TG_Sangareddy
TG_Medchal Malkajgiri,TG_RangaReddy
TG_Nalgonda,TG_RangaReddy
TG_Nalgonda,TG_YadadriBhuvanagiri
TG_Nalgonda,TG_Nagarkurnool
TG_Narayanpet,TG_YadadriBhuvanagiri
TG_Narayanpet,TG_Vikarabad
TG_Narayanpet,TG_Wanaparthy
TG_Narayanpet,TG_Mahabubnagar
TG_Narayanpet,TG_JogulambaGadwal
TG_Nirmal,TG_KomaramBheem
TG_Nirmal,TG_Jagtial
TG_Nirmal,TG_Adilabad
TG_Nirmal,TG_Mancherial
TG_Nirmal,TG_Nizamabad
TG_Suryapet,AP_Guntur
TG_Suryapet,TG_Jangaon
TG_Suryapet,TG_Mahabubabad
TG_Suryapet,TG_YadadriBhuvanagiri
TG_Suryapet,TG_Nalgonda
TG_Vikarabad,TG_RangaReddy
TG_Vikarabad,TG_Sangareddy
TG_Vikarabad,TG_Mahabubnagar
TG_Warangal Urban,TG_Karimnagar
TG_Warangal Urban,TG_Siddipet
TG_Warangal Urban,TG_WarangalRural
TG_Warangal Urban,TG_JayashankarBhupalapally
TG_Warangal Urban,TG_Jangaon
TN_Ariyalur,TN_Cuddalore
TN_Coimbatore,KL_Idukki
TN_Coimbatore,TN_Tiruppur
TN_Coimbatore,KL_Ernakulam
TN_Coimbatore,KL_Thrissur
TN_Coimbatore,MH_Palghar
TN_Coimbatore,TN_Erode
TN_Cuddalore,PY_Puducherry
TN_Cuddalore,TN_Nagapattinam
TN_Cuddalore,TN_Viluppuram
TN_Dharmapuri,TN_Krishnagiri
TN_Dharmapuri,TN_Kallakurichi
TN_Dharmapuri,TN_Tiruvannamalai
TN_Dindigul,TN_Karur
TN_Dindigul,TN_Tiruppur
TN_Erode,TN_Salem
TN_Erode,TN_Tiruppur
TN_Erode,TN_Namakkal
TN_Erode,TN_Dharmapuri
TN_Erode,KA_Chamarajanagara
TN_Erode,TN_Karur
TN_Kallakurichi,TN_Tiruvannamalai
TN_Kallakurichi,TN_Cuddalore
TN_Kallakurichi,TN_Viluppuram
TN_Kancheepuram,TN_Chennai
TN_Kancheepuram,TN_Vellore
TN_Kancheepuram,TN_Thiruvallur
TN_Kanyakumari,TN_Tirunelveli
TN_Kanyakumari,KL_Thiruvananthapuram
TN_Karur,TN_Namakkal
TN_Karur,TN_Tiruppur
TN_Krishnagiri,KA_Kolar
TN_Krishnagiri,KA_BengaluruRural
TN_Krishnagiri,TN_Vellore
TN_Krishnagiri,KA_BengaluruUrban
TN_Krishnagiri,AP_Chittoor
TN_Krishnagiri,KA_Ramanagara
TN_Madurai,TN_Theni
TN_Madurai,TN_Dindigul
TN_Nagapattinam,TN_Thiruvarur
TN_Nagapattinam,PY_Karaikal
TN_Namakkal,TN_Salem
TN_Nilgiris,TN_Coimbatore
TN_Nilgiris,MH_Palghar
TN_Nilgiris,KA_Chamarajanagara
TN_Nilgiris,KL_Malappuram
TN_Nilgiris,KL_Wayanad
TN_Nilgiris,TN_Erode
TN_Perambalur,TN_Cuddalore
TN_Perambalur,TN_Ariyalur
TN_Perambalur,TN_Kallakurichi
TN_Pudukkottai,TN_Tiruchirappalli
TN_Pudukkottai,TN_Thanjavur
TN_Pudukkottai,TN_Sivaganga
TN_Pudukkottai,TN_Ramanathapuram
TN_Salem,TN_Dharmapuri
TN_Salem,TN_Perambalur
TN_Salem,TN_Kallakurichi
TN_Sivaganga,TN_Tiruchirappalli
TN_Sivaganga,TN_Madurai
TN_Sivaganga,TN_Ramanathapuram
TN_Thanjavur,TN_Nagapattinam
TN_Thanjavur,TN_Thiruvarur
TN_Thanjavur,TN_Ariyalur
TN_Thanjavur,TN_Cuddalore
TN_Theni,TN_Dindigul
TN_Thiruvallur,AP_S.P.S.Nellore
TN_Thiruvallur,AP_Chittoor
TN_Thiruvallur,TN_Vellore
TN_Thiruvallur,TN_Chennai
TN_Thoothukkudi,TN_Ramanathapuram
TN_Tiruchirappalli,TN_Dindigul
TN_Tiruchirappalli,TN_Perambalur
TN_Tiruchirappalli,TN_Namakkal
TN_Tiruchirappalli,TN_Karur
TN_Tiruchirappalli,TN_Salem
TN_Tiruchirappalli,TN_Ariyalur
TN_Tiruchirappalli,TN_Madurai
TN_Tiruchirappalli,TN_Thanjavur
TN_Tirunelveli,KL_Kollam
TN_Tirunelveli,KL_Thiruvananthapuram
TN_Tirunelveli,KL_Pathanamthitta
TN_Tirunelveli,KL_Idukki
TN_Tirunelveli,TN_Virudhunagar
TN_Tirunelveli,TN_Thoothukkudi
TN_Tiruvannamalai,TN_Vellore
TN_Tiruvannamalai,TN_Krishnagiri
TN_Tiruvannamalai,TN_Kancheepuram
TN_Tiruvannamalai,TN_Viluppuram
TN_Vellore,AP_Chittoor
TN_Viluppuram,PY_Puducherry
TN_Viluppuram,TN_Kancheepuram
TN_Virudhunagar,TN_Madurai
TN_Virudhunagar,TN_Thoothukkudi
TN_Virudhunagar,TN_Sivaganga
TN_Virudhunagar,TN_Ramanathapuram
TN_Virudhunagar,TN_Theni
TN_Virudhunagar,KL_Idukki
TR_Dhalai,TR_Khowai
TR_Dhalai,TR_Unokoti
TR_Dhalai,TR_Gomati
TR_Dhalai,TR_NorthTripura
TR_Gomati,TR_Khowai
TR_Gomati,TR_Sipahijala
TR_Gomati,TR_SouthTripura
TR_Khowai,TR_WestTripura
TR_Khowai,TR_Sipahijala
TR_North Tripura,TR_Sipahijala
TR_North Tripura,TR_Dhalai
TR_North Tripura,TR_Khowai
TR_North Tripura,TR_Sipahijala
TR_North Tripura,TR_Gomati
TR_North Tripura,AS_Karimganj
TR_North Tripura,TR_Unokoti
TR_North Tripura,MZ_Mamit
TR_Sipahijala,TR_WestTripura
TR_Sipahijala,TR_SouthTripura
TR_Unokoti,TR_NorthTripura
UP_Agra,MP_Bhind
UP_Agra,UP_Etawah
UP_Agra,UP_Firozabad
UP_Agra,UP_Hathras
UP_Agra,UP_Etah
UP_Agra,MP_Morena
UP_Aligarh,UP_GautamBuddhaNagar
UP_Aligarh,UP_Sambhal
UP_Aligarh,UP_Budaun
UP_Aligarh,UP_Kasganj
UP_Aligarh,UP_Bulandshahr
UP_Aligarh,UP_Hathras
UP_Ambedkar Nagar,UP_Azamgarh
UP_Ambedkar Nagar,UP_Basti
UP_Ambedkar Nagar,UP_Sultanpur
UP_Ambedkar Nagar,UP_SantKabirNagar
UP_Ambedkar Nagar,UP_Gorakhpur
UP_Ambedkar Nagar,UP_Ayodhya
UP_Amethi,UP_Sultanpur
UP_Amethi,RJ_Pratapgarh
UP_Amethi,UP_RaeBareli
UP_Amroha,UP_Sambhal
UP_Amroha,UP_Hapur
UP_Amroha,UP_Bulandshahr
UP_Auraiya,UP_Jalaun
UP_Auraiya,UP_KanpurDehat
UP_Ayodhya,UP_Sultanpur
UP_Ayodhya,UP_Amethi
UP_Ayodhya,UP_AmbedkarNagar
UP_Azamgarh,UP_AmbedkarNagar
UP_Azamgarh,UP_Ghazipur
UP_Azamgarh,UP_Mau
UP_Baghpat,HR_Panipat
UP_Baghpat,DL_NorthDelhi
UP_Baghpat,UP_Shamli
UP_Baghpat,UP_Meerut
UP_Bahraich,UP_LakhimpurKheri
UP_Bahraich,UP_Sitapur
UP_Bahraich,UP_Gonda
UP_Bahraich,UP_Shrawasti
UP_Bahraich,UP_Barabanki
UP_Ballia,BR_Siwan
UP_Ballia,BR_Bhojpur
UP_Ballia,BR_Buxar
UP_Ballia,BR_Saran
UP_Banda,MP_Panna
UP_Banda,UP_Chitrakoot
UP_Banda,MP_Satna
UP_Banda,HP_Hamirpur
UP_Barabanki,UP_Gonda
UP_Barabanki,UP_RaeBareli
UP_Barabanki,UP_Amethi
UP_Barabanki,UP_Ayodhya
UP_Bareilly,UP_Budaun
UP_Bareilly,UP_Shahjahanpur
UP_Bareilly,UP_Rampur
UP_Bareilly,UP_Pilibhit
UP_Bareilly,UT_UdhamSinghNagar
UP_Basti,UP_AmbedkarNagar
UP_Basti,UP_Ayodhya
UP_Basti,UP_SantKabirNagar
UP_Bhadohi,UP_Varanasi
UP_Bijnor,UP_Moradabad
UP_Bijnor,UP_Amroha
UP_Bijnor,UP_Muzaffarnagar
UP_Bijnor,UT_UdhamSinghNagar
UP_Bijnor,UT_Haridwar
UP_Bijnor,UP_Meerut
UP_Bijnor,UT_PauriGarhwal
UP_Budaun,UP_Kasganj
UP_Budaun,UP_Shahjahanpur
UP_Budaun,UP_Farrukhabad
UP_Bulandshahr,UP_GautamBuddhaNagar
UP_Bulandshahr,UP_Sambhal
UP_Chandauli,UP_Varanasi
UP_Chandauli,UP_Sonbhadra
UP_Chandauli,BR_Kaimur
UP_Chitrakoot,MP_Satna
UP_Chitrakoot,MP_Rewa
UP_Chitrakoot,UP_Prayagraj
UP_Deoria,UP_Ballia
UP_Deoria,UP_Mau
UP_Deoria,BR_Siwan
UP_Etah,UP_Farrukhabad
UP_Etah,UP_Mainpuri
UP_Etah,UP_Firozabad
UP_Etawah,UP_Kannauj
UP_Etawah,MP_Bhind
UP_Etawah,UP_Auraiya
UP_Etawah,UP_Jalaun
UP_Etawah,UP_Mainpuri
UP_Farrukhabad,UP_Kannauj
UP_Farrukhabad,UP_Mainpuri
UP_Fatehpur,UP_Chitrakoot
UP_Fatehpur,RJ_Pratapgarh
UP_Fatehpur,UP_Kaushambi
UP_Fatehpur,UP_Banda
UP_Fatehpur,UP_KanpurNagar
UP_Fatehpur,HP_Hamirpur
UP_Fatehpur,UP_RaeBareli
UP_Firozabad,UP_Etawah
UP_Firozabad,UP_Mainpuri
UP_Gautam Buddha Nagar,UP_Bulandshahr
UP_Gautam Buddha Nagar,DL_SouthEastDelhi
UP_Gautam Buddha Nagar,HR_Palwal
UP_Gautam Buddha Nagar,DL_EastDelhi
UP_Gautam Buddha Nagar,HR_Faridabad
UP_Gautam Buddha Nagar,UP_Aligarh
UP_Gautam Buddha Nagar,UP_Ghaziabad
UP_Gautam Buddha Nagar,UP_Hapur
UP_Ghaziabad,DL_EastDelhi
UP_Ghaziabad,UP_Baghpat
UP_Ghaziabad,DL_NorthDelhi
UP_Ghaziabad,DL_NorthEastDelhi
UP_Ghaziabad,UP_Hapur
UP_Ghaziabad,UP_Meerut
UP_Ghaziabad,UP_GautamBuddhaNagar
UP_Ghazipur,UP_Varanasi
UP_Ghazipur,UP_Ballia
UP_Ghazipur,UP_Mau
UP_Ghazipur,UP_Chandauli
UP_Ghazipur,BR_Buxar
UP_Ghazipur,BR_Kaimur
UP_Gonda,CT_Balrampur
UP_Gonda,UP_Siddharthnagar
UP_Gonda,UP_Ayodhya
UP_Gonda,UP_Basti
UP_Gorakhpur,UP_Mau
UP_Gorakhpur,UP_Kushinagar
UP_Gorakhpur,UP_Deoria
UP_Gorakhpur,UP_Azamgarh
UP_Gorakhpur,UP_AmbedkarNagar
UP_Gorakhpur,UP_SantKabirNagar
UP_Hapur,UP_Bulandshahr
UP_Hapur,UP_GautamBuddhaNagar
UP_Hardoi,UP_Farrukhabad
UP_Hardoi,UP_Shahjahanpur
UP_Hardoi,UP_LakhimpurKheri
UP_Hardoi,UP_KanpurNagar
UP_Hardoi,UP_Sitapur
UP_Hardoi,UP_Kannauj
UP_Hardoi,UP_Lucknow
UP_Hathras,UP_Etah
UP_Hathras,UP_Kasganj
UP_Jalaun,UP_KanpurDehat
UP_Jalaun,UP_Jhansi
UP_Jalaun,HP_Hamirpur
UP_Jaunpur,UP_Ghazipur
UP_Jaunpur,UP_Varanasi
UP_Jaunpur,UP_Bhadohi
UP_Jaunpur,UP_Azamgarh
UP_Jaunpur,RJ_Pratapgarh
UP_Jhansi,MP_Tikamgarh
UP_Jhansi,MP_Chhatarpur
UP_Jhansi,UP_Lalitpur
UP_Jhansi,UP_Mahoba
UP_Jhansi,HP_Hamirpur
UP_Jhansi,MP_Niwari
UP_Jhansi,MP_Datia
UP_Kannauj,UP_KanpurNagar
UP_Kannauj,UP_Auraiya
UP_Kannauj,UP_KanpurDehat
UP_Kanpur Nagar,HP_Hamirpur
UP_Kanpur Nagar,UP_Kannauj
UP_Kanpur Nagar,UP_KanpurDehat
UP_Kanpur Nagar,UP_Unnao
UP_Kanpur Nagar,UP_Auraiya
UP_Kanpur Nagar,UP_Jalaun
UP_Kanpur Nagar,UP_Fatehpur
UP_Kanpur Nagar,UP_KanpurNagar
UP_Kanpur Nagar,UP_Hardoi
UP_Kasganj,UP_Farrukhabad
UP_Kasganj,UP_Etah
UP_Kaushambi,RJ_Pratapgarh
UP_Kaushambi,UP_Chitrakoot
UP_Kaushambi,UP_Prayagraj
UP_Kaushambi,UP_RaeBareli
UP_Kushinagar,BR_WestChamparan
UP_Kushinagar,UP_Deoria
UP_Lakhimpur Kheri,UP_Bahraich
UP_Lakhimpur Kheri,UP_Shahjahanpur
UP_Lakhimpur Kheri,UP_Sitapur
UP_Lakhimpur Kheri,UP_Pilibhit
UP_Lakhimpur Kheri,UP_Hardoi
UP_Lalitpur,MP_Tikamgarh
UP_Lalitpur,MP_Chhatarpur
UP_Lalitpur,MP_Datia
UP_Lalitpur,MP_Ashoknagar
UP_Lalitpur,MP_Niwari
UP_Lalitpur,MP_Sagar
UP_Lucknow,UP_Barabanki
UP_Lucknow,UP_Sitapur
UP_Lucknow,UP_RaeBareli
UP_Maharajganj,UP_Gorakhpur
UP_Maharajganj,BR_WestChamparan
UP_Maharajganj,UP_Kushinagar
UP_Mahoba,UP_Banda
UP_Mahoba,MP_Chhatarpur
UP_Mahoba,HP_Hamirpur
UP_Mainpuri,UP_Kannauj
UP_Mathura,UP_Aligarh
UP_Mathura,UP_Hathras
UP_Mathura,UP_Agra
UP_Mau,UP_Ballia
UP_Meerut,UP_Hapur
UP_Meerut,UP_Amroha
UP_Mirzapur,UP_Sonbhadra
UP_Mirzapur,UP_Chandauli
UP_Mirzapur,UP_Bhadohi
UP_Mirzapur,UP_Varanasi
UP_Mirzapur,MP_Singrauli
UP_Mirzapur,MP_Rewa
UP_Moradabad,UP_Sambhal
UP_Moradabad,UP_Rampur
UP_Moradabad,UP_Budaun
UP_Moradabad,UP_Amroha
UP_Moradabad,UT_UdhamSinghNagar
UP_Muzaffarnagar,UP_Baghpat
UP_Muzaffarnagar,UP_Meerut
UP_Muzaffarnagar,UP_Shamli
UP_Pilibhit,UT_UdhamSinghNagar
UP_Pilibhit,UP_Shahjahanpur
UP_Pilibhit,UP_LakhimpurKheri
UP_Prayagraj,MP_Rewa
UP_Prayagraj,UP_Bhadohi
UP_Prayagraj,UP_Mirzapur
UP_Prayagraj,RJ_Pratapgarh
UP_Prayagraj,UP_Jaunpur
UP_Rae Bareli,UP_Kaushambi
UP_Rae Bareli,UP_Unnao
UP_Rae Bareli,UP_Amethi
UP_Rae Bareli,UP_Lucknow
UP_Rae Bareli,UP_Barabanki
UP_Rae Bareli,RJ_Pratapgarh
UP_Rae Bareli,UP_Fatehpur
UP_Rampur,UP_Budaun
UP_Rampur,UT_UdhamSinghNagar
UP_Saharanpur,UP_Shamli
UP_Saharanpur,UT_Haridwar
UP_Saharanpur,HR_Yamunanagar
UP_Saharanpur,UP_Muzaffarnagar
UP_Saharanpur,HR_Karnal
UP_Sambhal,UP_Budaun
UP_Sant Kabir Nagar,UP_AmbedkarNagar
UP_Sant Kabir Nagar,UP_Basti
UP_Sant Kabir Nagar,UP_Gorakhpur
UP_Sant Kabir Nagar,UP_Siddharthnagar
UP_Shahjahanpur,UP_Farrukhabad
UP_Shahjahanpur,UP_LakhimpurKheri
UP_Shrawasti,CT_Balrampur
UP_Shrawasti,UP_Gonda
UP_Siddharthnagar,UP_SantKabirNagar
UP_Siddharthnagar,UP_Maharajganj
UP_Siddharthnagar,CT_Balrampur
UP_Siddharthnagar,UP_Basti
UP_Siddharthnagar,UP_Gorakhpur
UP_Sitapur,UP_LakhimpurKheri
UP_Sitapur,UP_Barabanki
UP_Sonbhadra,CT_Balrampur
UP_Sonbhadra,MP_Singrauli
UP_Sonbhadra,JH_Garhwa
UP_Sonbhadra,BR_Rohtas
UP_Sultanpur,UP_AmbedkarNagar
UP_Sultanpur,RJ_Pratapgarh
UP_Sultanpur,UP_Jaunpur
UP_Sultanpur,UP_Azamgarh
UP_Unnao,UP_Lucknow
UP_Unnao,UP_RaeBareli
UP_Unnao,UP_KanpurNagar
UP_Unnao,UP_Fatehpur
UP_Unnao,UP_Hardoi
UT_Almora,UT_Champawat
UT_Almora,UT_Nainital
UT_Almora,UT_PauriGarhwal
UT_Almora,UT_Bageshwar
UT_Chamoli,UT_Rudraprayag
UT_Chamoli,UT_Bageshwar
UT_Chamoli,UT_Pithoragarh
UT_Chamoli,UT_Almora
UT_Chamoli,UT_PauriGarhwal
UT_Champawat,UT_Nainital
UT_Champawat,UT_UdhamSinghNagar
UT_Dehradun,UT_TehriGarhwal
UT_Dehradun,UP_Saharanpur
UT_Dehradun,UT_PauriGarhwal
UT_Dehradun,UT_Haridwar
UT_Haridwar,UP_Muzaffarnagar
UT_Haridwar,UT_PauriGarhwal
UT_Nainital,UT_UdhamSinghNagar
UT_Nainital,UP_Bijnor
UT_Nainital,UT_PauriGarhwal
UT_Pauri Garhwal,UT_Haridwar
UT_Pauri Garhwal,UT_Rudraprayag
UT_Pauri Garhwal,UT_TehriGarhwal
UT_Pauri Garhwal,UP_Bijnor
UT_Pauri Garhwal,UT_Chamoli
UT_Pauri Garhwal,UT_Almora
UT_Pauri Garhwal,UT_Dehradun
UT_Pauri Garhwal,UT_Nainital
UT_Pithoragarh,UT_Almora
UT_Pithoragarh,UT_Champawat
UT_Pithoragarh,UT_Bageshwar
UT_Rudraprayag,UT_PauriGarhwal
UT_Rudraprayag,UT_TehriGarhwal
UT_Tehri Garhwal,UT_Uttarkashi
UT_Tehri Garhwal,UT_Rudraprayag
UT_Tehri Garhwal,UT_Dehradun
UT_Tehri Garhwal,UT_PauriGarhwal
UT_Udham Singh Nagar,UP_Pilibhit
UT_Udham Singh Nagar,UP_Bareilly
UT_Udham Singh Nagar,UT_Champawat
UT_Udham Singh Nagar,UP_Bijnor
UT_Udham Singh Nagar,UP_Moradabad
UT_Udham Singh Nagar,UP_Rampur
UT_Udham Singh Nagar,UT_Nainital
UT_Uttarkashi,UT_Chamoli
UT_Uttarkashi,UT_Rudraprayag
UT_Uttarkashi,UT_Dehradun
UT_Uttarkashi,UT_TehriGarhwal
WB_Alipurduar,AS_Kokrajhar
WB_Alipurduar,WB_CoochBehar
WB_Bankura,WB_PaschimBardhaman
WB_Bankura,WB_Jhargram
WB_Bankura,WB_PaschimMedinipur
WB_Bankura,WB_Purulia
WB_Bankura,WB_PurbaBardhaman
WB_Birbhum,WB_PaschimBardhaman
WB_Birbhum,JH_Pakur
WB_Birbhum,WB_PurbaBardhaman
WB_Cooch Behar,AS_Kokrajhar
WB_Cooch Behar,AS_Dhubri
WB_Cooch Behar,WB_Alipurduar
WB_Cooch Behar,WB_Jalpaiguri
WB_Dakshin Dinajpur,WB_UttarDinajpur
WB_Dakshin Dinajpur,WB_Malda
WB_Darjeeling,WB_Kalimpong
WB_Darjeeling,SK_SouthSikkim
WB_Darjeeling,SK_WestSikkim
WB_Darjeeling,WB_UttarDinajpur
WB_Darjeeling,BR_Kishanganj
WB_Hooghly,WB_PaschimMedinipur
WB_Hooghly,WB_North24Parganas
WB_Hooghly,WB_Bankura
WB_Hooghly,WB_Howrah
WB_Hooghly,WB_PurbaBardhaman
WB_Howrah,WB_South24Parganas
WB_Howrah,WB_North24Parganas
WB_Howrah,WB_PurbaMedinipur
WB_Howrah,WB_PaschimMedinipur
WB_Howrah,WB_Kolkata
WB_Jalpaiguri,WB_Kalimpong
WB_Jalpaiguri,WB_CoochBehar
WB_Jalpaiguri,WB_Darjeeling
WB_Jalpaiguri,WB_Alipurduar
WB_Jhargram,UT_Bageshwar
WB_Jhargram,OR_Mayurbhanj
WB_Jhargram,WB_PaschimMedinipur
WB_Jhargram,JH_EastSinghbhum
WB_Kalimpong,SK_SouthSikkim
WB_Kalimpong,SK_EastSikkim
WB_Kolkata,WB_South24Parganas
WB_Kolkata,WB_North24Parganas
WB_Malda,BR_Katihar
WB_Malda,WB_UttarDinajpur
WB_Malda,JH_Sahibganj
WB_Malda,WB_DakshinDinajpur
WB_Malda,WB_Murshidabad
WB_Murshidabad,JH_Pakur
WB_Murshidabad,JH_Sahibganj
WB_Murshidabad,WB_Nadia
WB_Murshidabad,WB_PurbaBardhaman
WB_Murshidabad,WB_Birbhum
WB_Nadia,WB_North24Parganas
WB_Nadia,WB_PurbaBardhaman
WB_Nadia,WB_Hooghly
WB_North 24 Parganas,WB_North24Parganas
WB_North 24 Parganas,WB_PurbaMedinipur
WB_North 24 Parganas,WB_Hooghly
WB_North 24 Parganas,WB_Kolkata
WB_North 24 Parganas,WB_Nadia
WB_North 24 Parganas,WB_Howrah
WB_North 24 Parganas,WB_South24Parganas
WB_Paschim Bardhaman,JH_Dhanbad
WB_Paschim Bardhaman,WB_PurbaBardhaman
WB_Paschim Bardhaman,JH_Jamtara
WB_Paschim Bardhaman,WB_Bankura
WB_Paschim Bardhaman,WB_Purulia
WB_Paschim Bardhaman,WB_Birbhum
WB_Paschim Medinipur,WB_Jhargram
WB_Paschim Medinipur,WB_Bankura
WB_Paschim Medinipur,WB_Howrah
WB_Paschim Medinipur,WB_PurbaMedinipur
WB_Paschim Medinipur,WB_Hooghly
WB_Paschim Medinipur,UT_Bageshwar
WB_Purba Bardhaman,WB_Nadia
WB_Purba Bardhaman,WB_Murshidabad
WB_Purba Bardhaman,WB_Birbhum
WB_Purba Bardhaman,WB_PaschimBardhaman
WB_Purba Bardhaman,WB_Hooghly
WB_Purba Bardhaman,WB_Bankura
WB_Purba Medinipur,UT_Bageshwar
WB_Purba Medinipur,WB_South24Parganas
WB_Purba Medinipur,WB_PaschimMedinipur
WB_Purba Medinipur,WB_Howrah
WB_Purulia,JH_Ramgarh
WB_Purulia,WB_PaschimBardhaman
WB_Purulia,WB_Jhargram
WB_Purulia,JH_Bokaro
WB_Purulia,JH_Ranchi
WB_Purulia,JH_Dhanbad
WB_Purulia,JH_Saraikela-Kharsawan
WB_Purulia,JH_EastSinghbhum
WB_Uttar Dinajpur,WB_Darjeeling
WB_Uttar Dinajpur,WB_Malda
WB_Uttar Dinajpur,BR_Katihar
WB_Uttar Dinajpur,BR_Purnia
WB_Uttar Dinajpur,WB_DakshinDinajpur
WB_Uttar Dinajpur,BR_Kishanganj
