{"stateid":"AP","districtid":"AP_Kurnool","neighbours":"TG_Nagarkurnool,AP_Y.S.R.Kadapa,TG_Wanaparthy,KA_Raichur,KA_Ballari,AP_Prakasam,TG_JogulambaGadwal,AP_Anantapur"}
{"stateid":"AP","districtid":"AP_Krishna","neighbours":"AP_WestGodavari,AP_Guntur,TG_Suryapet,TG_Khammam"}
{"stateid":"AP","districtid":"AP_Guntur","neighbours":"TG_Nagarkurnool,AP_Prakasam,TG_Suryapet,AP_Krishna,TG_Nalgonda"}
{"stateid":"AP","districtid":"AP_Prakasam","neighbours":"TG_Nagarkurnool,AP_Y.S.R.Kadapa,AP_S.P.S.Nellore,AP_Kurnool,AP_Guntur"}
{"stateid":"AP","districtid":"AP_Y.S.R. Kadapa","neighbours":"AP_Chittoor,AP_Prakasam,AP_S.P.S.Nellore,AP_Kurnool,AP_Anantapur"}
{"stateid":"AP","districtid":"AP_Anantapur","neighbours":"AP_Y.S.R.Kadapa,AP_Chittoor,KA_Ballari,KA_Chikkaballapura,AP_Kurnool,KA_Chitradurga,KA_Tumakuru"}
{"stateid":"AP","districtid":"AP_East Godavari","neighbours":"OR_Malkangiri,AP_EastGodavari,AP_WestGodavari,AP_Visakhapatnam,CT_Sukma,TG_BhadradriKothagudem,AP_Krishna,TG_Khammam"}
{"stateid":"AP","districtid":"AP_Srikakulam","neighbours":"OR_Rayagada,OR_Gajapati,OR_Ganjam,AP_Vizianagaram"}
{"stateid":"AP","districtid":"AP_Visakhapatnam","neighbours":"AP_Vizianagaram,OR_Koraput,OR_Malkangiri,AP_EastGodavari"}
{"stateid":"AP","districtid":"AP_Vizianagaram","neighbours":"OR_Rayagada,OR_Koraput,AP_Visakhapatnam,AP_Srikakulam"}
{"stateid":"AP","districtid":"AP_Chittoor","neighbours":"AP_Y.S.R.Kadapa,TN_Vellore,TN_Krishnagiri,KA_Kolar,AP_S.P.S.Nellore,KA_Chikkaballapura,TN_Thiruvallur,AP_Anantapur"}
{"stateid":"AP","districtid":"AP_S.P.S. Nellore","neighbours":"AP_Chittoor,TN_Thiruvallur,AP_Y.S.R.Kadapa,AP_Prakasam"}
{"stateid":"AR","districtid":"AR_Lepa Rada","neighbours":"AR_UpperSubansiri,AR_WestSiang,AR_LowerSiang"}
{"stateid":"AR","districtid":"AR_Pakke Kessang","neighbours":"AR_WestKameng,AR_PapumPare,AR_EastKameng,AS_Sonitpur,AS_Biswanath"}
{"stateid":"AR","districtid":"AR_Papum Pare","neighbours":"AR_Kamle,AR_PakkeKessang,AR_KraDaadi,AR_KurungKumey,AS_Lakhimpur,AR_EastKameng,AS_Biswanath,AR_LowerSubansiri"}
{"stateid":"AR","districtid":"AR_Kamle","neighbours":"AR_PapumPare,AR_KraDaadi,AS_Lakhimpur,AR_LowerSiang,AR_UpperSubansiri,AR_LowerSubansiri,AS_Dhemaji"}
{"stateid":"AR","districtid":"AR_Lower Dibang Valley","neighbours":"AR_UpperSiang,AS_Tinsukia,AR_UpperDibangValley,AR_EastSiang,AS_Dhemaji,AR_Lohit"}
{"stateid":"AR","districtid":"AR_Changlang","neighbours":"AR_Anjaw,AS_Tinsukia,AR_Tirap,AR_Namsai,AR_Lohit"}
{"stateid":"AR","districtid":"AR_Lohit","neighbours":"AR_Anjaw,AS_Tinsukia,AR_Changlang,AR_Namsai,AR_LowerDibangValley"}
{"stateid":"AR","districtid":"AR_Tirap","neighbours":"AR_Changlang,AR_Longding,AS_Dibrugarh,AS_Tinsukia"}
{"stateid":"AR","districtid":"AR_Namsai","neighbours":"AR_Changlang,AS_Tinsukia,AR_Lohit"}
{"stateid":"AR","districtid":"AR_Kurung Kumey","neighbours":"AR_PapumPare,AR_EastKameng,AR_KraDaadi,AR_UpperSubansiri"}
{"stateid":"AR","districtid":"AR_Tawang","neighbours":"AR_EastKameng,AR_WestKameng"}
{"stateid":"AR","districtid":"AR_Lower Subansiri","neighbours":"AR_Kamle,AR_KraDaadi,AR_PapumPare"}
{"stateid":"AR","districtid":"AR_Kra Daadi","neighbours":"AR_Kamle,AR_PapumPare,AR_KurungKumey,AR_LowerSubansiri,AR_UpperSubansiri"}
{"stateid":"AR","districtid":"AR_Upper Subansiri","neighbours":"AR_Kamle,AR_KraDaadi,AR_KurungKumey,AR_WestSiang,AR_ShiYomi,AR_LepaRada,AR_LowerSiang"}
{"stateid":"AR","districtid":"AR_Shi Yomi","neighbours":"AR_WestSiang,AR_UpperSubansiri,AR_UpperSiang,AR_Siang"}
{"stateid":"AR","districtid":"AR_Upper Dibang Valley","neighbours":"AR_LowerDibangValley,AR_UpperSiang"}
{"stateid":"AR","districtid":"AR_Longding","neighbours":"AR_Tirap,NL_Mon,AS_Charaideo,AS_Dibrugarh"}
{"stateid":"AR","districtid":"AR_Anjaw","neighbours":"AR_Changlang,AR_Lohit"}
{"stateid":"AR","districtid":"AR_East Siang","neighbours":"AS_Dhemaji,AR_UpperSiang,AS_Tinsukia,AR_WestSiang,AR_ShiYomi,AR_LowerSiang,AR_UpperDibangValley,AR_LepaRada,AR_Kamle,AR_Siang,AR_LowerDibangValley,AR_EastSiang,AR_UpperSubansiri"}
{"stateid":"AR","districtid":"AR_West Kameng","neighbours":"AS_Udalguri,AR_Tawang,AR_WestKameng,AR_PakkeKessang,AR_PapumPare,AR_KurungKumey,AR_Tawang,AR_EastKameng,AS_Sonitpur"}
{"stateid":"AS","districtid":"AS_Dibrugarh","neighbours":"AS_Majuli,AS_Charaideo,AS_Tinsukia,AR_Tirap,AS_Lakhimpur,AR_Longding,AS_Dhemaji,AS_Sivasagar"}
{"stateid":"AS","districtid":"AS_Sivasagar","neighbours":"NL_Longleng,AS_Jorhat,NL_Mon,AS_Charaideo,AS_Majuli,AS_Dibrugarh,NL_Mokokchung"}
{"stateid":"AS","districtid":"AS_Lakhimpur","neighbours":"AR_Kamle,AS_Majuli,AS_Golaghat,AS_Dibrugarh,AR_PapumPare,AS_Biswanath,AS_Dhemaji"}
{"stateid":"AS","districtid":"AS_Cachar","neighbours":"MN_Pherzawl,MN_Jiribam,AS_Karimganj,AS_DimaHasao,MN_Tamenglong,MZ_Aizawl,MZ_Kolasib,ML_EastJaintiaHills,AS_Hailakandi"}
{"stateid":"AS","districtid":"AS_Dima Hasao","neighbours":"AS_Cachar,NL_Peren,ML_WestJaintiaHills,AS_WestKarbiAnglong,MN_Tamenglong,ML_EastJaintiaHills,AS_Hojai,AS_KarbiAnglong"}
{"stateid":"AS","districtid":"AS_Udalguri","neighbours":"AS_Darrang,AS_Sonitpur,AR_WestKameng,AS_Baksa"}
{"stateid":"AS","districtid":"AS_Sonitpur","neighbours":"AS_Udalguri,AR_WestKameng,AR_PakkeKessang,AS_Darrang,AS_Morigaon,AS_Nagaon,AS_Biswanath"}
{"stateid":"AS","districtid":"AS_Darrang","neighbours":"AS_Udalguri,AS_Baksa,AS_Kamrup,AS_Morigaon,AS_Sonitpur,AS_KamrupMetropolitan"}
{"stateid":"AS","districtid":"AS_Kamrup","neighbours":"AS_Nalbari,AS_Baksa,AS_Goalpara,ML_NorthGaroHills,ML_WestKhasiHills,AS_Darrang,ML_Ribhoi,AS_KamrupMetropolitan,AS_Barpeta"}
{"stateid":"AS","districtid":"AS_Dhubri","neighbours":"WB_CoochBehar,AS_Goalpara,AS_Kokrajhar,AS_SouthSalmaraMankachar,AS_Bongaigaon"}
{"stateid":"AS","districtid":"AS_Karimganj","neighbours":"MZ_Mamit,AS_Hailakandi,AS_Cachar,TR_NorthTripura"}
{"stateid":"AS","districtid":"AS_West Karbi Anglong","neighbours":"ML_WestJaintiaHills,AS_DimaHasao,ML_Ribhoi,AS_Morigaon,AS_Nagaon,AS_Hojai"}
{"stateid":"AS","districtid":"AS_Goalpara","neighbours":"ML_WestGaroHills,ML_NorthGaroHills,AS_Dhubri,AS_SouthSalmaraMankachar,AS_Kamrup,AS_Bongaigaon,AS_Barpeta"}
{"stateid":"BR","districtid":"BR_Jehanabad","neighbours":"BR_Arwal,BR_Patna,BR_Gaya,BR_Nalanda"}
{"stateid":"BR","districtid":"BR_Gopalganj","neighbours":"UP_Kushinagar,BR_WestChamparan,BR_Saran,BR_EastChamparan,BR_Siwan,UP_Deoria,BR_Muzaffarpur"}
{"stateid":"BR","districtid":"BR_Kaimur","neighbours":"UP_Ghazipur,UP_Chandauli,BR_Buxar,BR_Rohtas,UP_Sonbhadra"}
{"stateid":"BR","districtid":"BR_Buxar","neighbours":"UP_Ghazipur,UP_Ballia,BR_Bhojpur,BR_Rohtas,BR_Kaimur"}
{"stateid":"BR","districtid":"BR_Bhojpur","neighbours":"BR_Saran,UP_Ballia,BR_Buxar,BR_Rohtas,BR_Arwal,BR_Patna"}
{"stateid":"BR","districtid":"BR_Gaya","neighbours":"JH_Chatra,JH_Hazaribagh,BR_Nawada,BR_Jehanabad,JH_Koderma,JH_Palamu,BR_Aurangabad,BR_Arwal,BR_Nalanda"}
{"stateid":"BR","districtid":"BR_Siwan","neighbours":"BR_Gopalganj,BR_Saran,UP_Ballia,UP_Deoria"}
{"stateid":"BR","districtid":"BR_Kishanganj","neighbours":"BR_Purnia,BR_Araria,WB_Darjeeling,WB_UttarDinajpur"}
{"stateid":"BR","districtid":"BR_Purnia","neighbours":"BR_Bhagalpur,BR_Kishanganj,BR_Araria,BR_Madhepura,BR_Katihar,WB_UttarDinajpur"}
{"stateid":"BR","districtid":"BR_Katihar","neighbours":"BR_Bhagalpur,BR_Purnia,JH_Sahibganj,WB_UttarDinajpur,WB_Malda"}
{"stateid":"BR","districtid":"BR_Bhagalpur","neighbours":"BR_Madhepura,BR_Munger,JH_Sahibganj,BR_Katihar,BR_Purnia,BR_Khagaria,JH_Godda,BR_Banka"}
{"stateid":"BR","districtid":"BR_East Champaran","neighbours":"BR_Gopalganj,UP_Kushinagar,UP_Maharajganj,BR_Sheohar,BR_Sitamarhi,BR_EastChamparan,BR_Muzaffarpur,BR_WestChamparan"}
{"stateid":"BR","districtid":"BR_Nawada","neighbours":"JH_Giridih,BR_Gaya,BR_Sheikhpura,JH_Koderma,BR_Jamui,BR_Nalanda"}
{"stateid":"BR","districtid":"BR_Sheikhpura","neighbours":"BR_Nalanda,BR_Nawada,BR_Jamui,BR_Lakhisarai"}
{"stateid":"BR","districtid":"BR_Nalanda","neighbours":"BR_Gaya,BR_Nawada,BR_Sheikhpura,BR_Lakhisarai,BR_Jehanabad,BR_Patna"}
{"stateid":"BR","districtid":"BR_Sheohar","neighbours":"BR_Muzaffarpur,BR_EastChamparan,BR_Sitamarhi"}
{"stateid":"BR","districtid":"BR_Araria","neighbours":"BR_Purnia,BR_Kishanganj,BR_Madhepura,BR_Supaul"}
{"stateid":"BR","districtid":"BR_Saran","neighbours":"BR_Gopalganj,BR_Vaishali,UP_Ballia,BR_Bhojpur,BR_Siwan,BR_Muzaffarpur,BR_Patna"}
{"stateid":"BR","districtid":"BR_Samastipur","neighbours":"BR_Vaishali,BR_Darbhanga,BR_Saharsa,BR_Muzaffarpur,BR_Begusarai,BR_Patna,BR_Khagaria"}
{"stateid":"BR","districtid":"BR_Banka","neighbours":"BR_Bhagalpur,JH_Dumka,BR_Munger,BR_Jamui,JH_Godda,JH_Deoghar"}
{"stateid":"BR","districtid":"BR_Muzaffarpur","neighbours":"BR_Gopalganj,BR_Vaishali,BR_Sheohar,BR_Sitamarhi,BR_Saran,BR_Darbhanga,BR_Samastipur,BR_EastChamparan"}
{"stateid":"BR","districtid":"BR_Jamui","neighbours":"JH_Giridih,BR_Banka,BR_Sheikhpura,BR_Nawada,BR_Lakhisarai,BR_Munger,JH_Deoghar"}
{"stateid":"BR","districtid":"BR_Vaishali","neighbours":"BR_Patna,BR_Samastipur,BR_Saran,BR_Muzaffarpur"}
{"stateid":"BR","districtid":"BR_Begusarai","neighbours":"BR_Lakhisarai,BR_Munger,BR_Samastipur,BR_Patna,BR_Khagaria"}
{"stateid":"BR","districtid":"BR_Rohtas","neighbours":"BR_Buxar,JH_Palamu,BR_Aurangabad,JH_Garhwa,BR_Bhojpur,UP_Sonbhadra,BR_Arwal,BR_Kaimur"}
{"stateid":"BR","districtid":"BR_Madhubani","neighbours":"BR_Supaul,BR_Darbhanga,BR_Saharsa,BR_Sitamarhi"}
{"stateid":"BR","districtid":"BR_Munger","neighbours":"BR_Bhagalpur,BR_Lakhisarai,BR_Jamui,BR_Begusarai,BR_Khagaria,BR_Banka"}
{"stateid":"BR","districtid":"BR_Saharsa","neighbours":"BR_Madhepura,BR_Supaul,BR_Darbhanga,BR_Samastipur,BR_Madhubani,BR_Khagaria"}
{"stateid":"BR","districtid":"BR_Arwal","neighbours":"BR_Gaya,BR_Jehanabad,BR_Aurangabad,BR_Bhojpur,BR_Rohtas,BR_Patna"}
{"stateid":"BR","districtid":"BR_Darbhanga","neighbours":"BR_Sitamarhi,BR_Samastipur,BR_Saharsa,BR_Muzaffarpur,BR_Madhubani"}
{"stateid":"BR","districtid":"BR_Supaul","neighbours":"BR_Saharsa,BR_Araria,BR_Madhubani,BR_Madhepura"}
{"stateid":"BR","districtid":"BR_Sitamarhi","neighbours":"BR_Sheohar,BR_Darbhanga,BR_EastChamparan,BR_Muzaffarpur,BR_Madhubani"}
{"stateid":"BR","districtid":"BR_Madhepura","neighbours":"BR_Bhagalpur,BR_Araria,BR_Supaul,BR_Saharsa,BR_Purnia,BR_Khagaria"}
{"stateid":"BR","districtid":"BR_Khagaria","neighbours":"BR_Bhagalpur,BR_Madhepura,BR_Munger,BR_Samastipur,BR_Saharsa,BR_Begusarai"}
{"stateid":"BR","districtid":"BR_Patna","neighbours":"BR_Vaishali,BR_Lakhisarai,BR_Jehanabad,BR_Saran,BR_Samastipur,BR_Bhojpur,BR_Arwal,BR_Begusarai,BR_Nalanda"}
{"stateid":"BR","districtid":"BR_Lakhisarai","neighbours":"BR_Sheikhpura,BR_Munger,BR_Jamui,BR_Begusarai,BR_Patna,BR_Nalanda"}
{"stateid":"CH","districtid":"CH_Chandigarh","neighbours":"HR_Panchkula,PB_S.A.S.Nagar"}
{"stateid":"CT","districtid":"CT_Durg","neighbours":"CT_Bametara,CT_Raipur,CT_Dhamtari,CT_Balod,CT_Rajnandgaon"}
{"stateid":"CT","districtid":"CT_Dhamtari","neighbours":"CT_Raipur,CT_Gariaband,CT_Kondagaon,CT_UttarBastarKanker,OR_Nabarangapur,CT_Balod,CT_Durg"}
{"stateid":"CT","districtid":"CT_Bametara","neighbours":"CT_BalodaBazar,CT_Rajnandgaon,CT_Mungeli,CT_Kabeerdham,CT_Raipur,CT_Durg"}
{"stateid":"CT","districtid":"CT_Rajnandgaon","neighbours":"CT_Balod,CT_Kabeerdham,MH_Gadchiroli,CT_UttarBastarKanker,MP_Balaghat,MH_Gondia,CT_Bametara,CT_Durg"}
{"stateid":"CT","districtid":"CT_Bastar","neighbours":"OR_Malkangiri,CT_Kondagaon,CT_Sukma,CT_DakshinBastarDantewada,OR_Koraput,OR_Nabarangapur"}
{"stateid":"CT","districtid":"CT_Kabeerdham","neighbours":"CT_Mungeli,MP_Dindori,MP_Balaghat,MP_Mandla,CT_Bametara,CT_Rajnandgaon"}
{"stateid":"CT","districtid":"CT_Uttar Bastar Kanker","neighbours":"CT_Dhamtari,CT_Kondagaon,MH_Gadchiroli,CT_Narayanpur,CT_Balod,CT_Rajnandgaon"}
{"stateid":"CT","districtid":"CT_Dakshin Bastar Dantewada","neighbours":"CT_Kondagaon,CT_Sukma,CT_Narayanpur,CT_Bastar,CT_Bijapur"}
{"stateid":"CT","districtid":"CT_Sukma","neighbours":"OR_Malkangiri,AP_EastGodavari,CT_DakshinBastarDantewada,CT_Bastar,TG_BhadradriKothagudem,CT_Bijapur"}
{"stateid":"CT","districtid":"CT_Kondagaon","neighbours":"CT_Dhamtari,CT_UttarBastarKanker,CT_DakshinBastarDantewada,CT_Narayanpur,OR_Nabarangapur,CT_Bastar"}
{"stateid":"CT","districtid":"CT_Narayanpur","neighbours":"CT_Kondagaon,MH_Gadchiroli,CT_UttarBastarKanker,CT_DakshinBastarDantewada,CT_Bijapur"}
{"stateid":"CT","districtid":"CT_Gariaband","neighbours":"CT_Raipur,CT_Dhamtari,CT_Mahasamund,OR_Nabarangapur,OR_Kalahandi,OR_Nuapada"}
{"stateid":"CT","districtid":"CT_Balod","neighbours":"CT_UttarBastarKanker,CT_Dhamtari,CT_Rajnandgaon,CT_Durg"}
{"stateid":"CT","districtid":"CT_Raipur","neighbours":"CT_BalodaBazar,CT_Gariaband,CT_Dhamtari,CT_Mahasamund,CT_Bametara,CT_Durg"}
{"stateid":"CT","districtid":"CT_Baloda Bazar","neighbours":"CT_Mungeli,CT_Raipur,CT_JanjgirChampa,CT_Mahasamund,CT_Raigarh,CT_Bametara,CT_Bilaspur"}
{"stateid":"CT","districtid":"CT_Mungeli","neighbours":"CT_BalodaBazar,CT_Kabeerdham,MP_Anuppur,MP_Dindori,CT_Bametara,CT_Bilaspur"}
{"stateid":"CT","districtid":"CT_Janjgir Champa","neighbours":"CT_BalodaBazar,CT_Raigarh,CT_Korba,CT_Bilaspur"}
{"stateid":"CT","districtid":"CT_Koriya","neighbours":"MP_Singrauli,MP_Shahdol,MP_Anuppur,MP_Sidhi,CT_Korba,CT_Surajpur,CT_Bilaspur"}
{"stateid":"CT","districtid":"CT_Jashpur","neighbours":"CT_Balrampur,JH_Gumla,CT_Surguja,JH_Simdega,OR_Sundargarh,CT_Raigarh"}
{"stateid":"CT","districtid":"CT_Surajpur","neighbours":"CT_Balrampur,MP_Singrauli,CT_Koriya,CT_Surguja,CT_Korba"}
{"stateid":"CT","districtid":"CT_Surguja","neighbours":"CT_Balrampur,CT_Jashpur,CT_Raigarh,CT_Korba,CT_Surajpur"}
{"stateid":"CT","districtid":"CT_Raigarh","neighbours":"OR_Bargarh,CT_BalodaBazar,CT_JanjgirChampa,CT_Surguja,CT_Jashpur,CT_Mahasamund,OR_Jharsuguda,OR_Sundargarh,CT_Korba"}
{"stateid":"CT","districtid":"CT_Korba","neighbours":"CT_JanjgirChampa,CT_Koriya,CT_Surguja,CT_Surajpur,CT_Raigarh,CT_Bilaspur"}
{"stateid":"CT","districtid":"CT_Mahasamund","neighbours":"OR_Bargarh,CT_BalodaBazar,CT_Raipur,CT_Gariaband,CT_Raigarh,OR_Nuapada"}
{"stateid":"DL","districtid":"DL_Shahdara","neighbours":"UP_Ghaziabad,DL_EastDelhi,DL_CentralDelhi,DL_NorthEastDelhi"}
{"stateid":"DL","districtid":"DL_East Delhi","neighbours":"UP_Baghpat,DL_SouthEastDelhi,DL_NewDelhi,UP_GautamBuddhaNagar,DL_NorthEastDelhi,DL_CentralDelhi,HR_Sonipat,DL_NorthWestDelhi,DL_Shahdara,HR_Jhajjar,UP_Ghaziabad,DL_SouthWestDelhi,DL_CentralDelhi"}
{"stateid":"DN","districtid":"DN_Diu","neighbours":"GJ_GirSomnath"}
{"stateid":"DN","districtid":"DN_Dadra and Nagar Haveli","neighbours":"MH_Palghar,GJ_Valsad"}
{"stateid":"DN","districtid":"DN_Daman","neighbours":"GJ_Valsad"}
{"stateid":"GJ","districtid":"GJ_Rajkot","neighbours":"GJ_Junagadh,GJ_Surendranagar,GJ_Morbi,GJ_Porbandar,GJ_Amreli,GJ_Jamnagar,GJ_Botad"}
{"stateid":"GJ","districtid":"GJ_Banaskantha","neighbours":"GJ_Sabarkantha,RJ_Jalore,GJ_Kutch,RJ_Sirohi,GJ_Mehsana,GJ_Patan"}
{"stateid":"GJ","districtid":"GJ_Gir Somnath","neighbours":"DN_Diu,GJ_Junagadh,GJ_Amreli"}
{"stateid":"GJ","districtid":"GJ_Kutch","neighbours":"RJ_Jalore,GJ_Banaskantha,GJ_Surendranagar,GJ_Morbi,RJ_Barmer,GJ_Patan"}
{"stateid":"GJ","districtid":"GJ_Devbhumi Dwarka","neighbours":"GJ_Jamnagar,GJ_Porbandar"}
{"stateid":"GJ","districtid":"GJ_Jamnagar","neighbours":"GJ_Morbi,GJ_Rajkot,GJ_Porbandar,GJ_DevbhumiDwarka"}
{"stateid":"GJ","districtid":"GJ_Amreli","neighbours":"GJ_GirSomnath,GJ_Bhavnagar,GJ_Junagadh,GJ_Rajkot,GJ_Botad"}
{"stateid":"GJ","districtid":"GJ_Sabarkantha","neighbours":"GJ_Banaskantha,GJ_Aravalli,RJ_Sirohi,GJ_Gandhinagar,RJ_Udaipur,GJ_Mehsana"}
{"stateid":"GJ","districtid":"GJ_Porbandar","neighbours":"GJ_DevbhumiDwarka,GJ_Rajkot,GJ_Jamnagar,GJ_Junagadh"}
{"stateid":"GJ","districtid":"GJ_Junagadh","neighbours":"GJ_GirSomnath,GJ_Rajkot,GJ_Porbandar,GJ_Amreli"}
{"stateid":"GJ","districtid":"GJ_Dahod","neighbours":"GJ_Mahisagar,MP_Alirajpur,RJ_Banswara,MP_Jhabua,GJ_Panchmahal,GJ_ChhotaUdaipur"}
{"stateid":"GJ","districtid":"GJ_Mahisagar","neighbours":"GJ_Dahod,GJ_Kheda,GJ_Aravalli,RJ_Banswara,RJ_Dungarpur,GJ_Panchmahal"}
{"stateid":"GJ","districtid":"GJ_Aravalli","neighbours":"GJ_Sabarkantha,GJ_Mahisagar,GJ_Kheda,GJ_Gandhinagar,RJ_Dungarpur,RJ_Udaipur"}
{"stateid":"GJ","districtid":"GJ_Mehsana","neighbours":"GJ_Sabarkantha,GJ_Banaskantha,GJ_Surendranagar,GJ_Ahmedabad,GJ_Gandhinagar,GJ_Patan"}
{"stateid":"GJ","districtid":"GJ_Patan","neighbours":"GJ_Kutch,GJ_Banaskantha,GJ_Mehsana,GJ_Surendranagar"}
{"stateid":"GJ","districtid":"GJ_Morbi","neighbours":"GJ_Kutch,GJ_Jamnagar,GJ_Rajkot,GJ_Surendranagar"}
{"stateid":"GJ","districtid":"GJ_Gandhinagar","neighbours":"GJ_Sabarkantha,GJ_Kheda,GJ_Aravalli,GJ_Ahmedabad,GJ_Mehsana"}
{"stateid":"GJ","districtid":"GJ_Ahmedabad","neighbours":"GJ_Bhavnagar,GJ_Kheda,GJ_Surendranagar,GJ_Anand,GJ_Gandhinagar,GJ_Mehsana,GJ_Botad"}
{"stateid":"GJ","districtid":"GJ_Panchmahal","neighbours":"GJ_Mahisagar,GJ_Dahod,GJ_Kheda,GJ_ChhotaUdaipur,GJ_Vadodara"}
{"stateid":"GJ","districtid":"GJ_Chhota Udaipur","neighbours":"MP_Alirajpur,GJ_Dahod,MH_Nandurbar,GJ_Panchmahal,GJ_Vadodara,GJ_Narmada"}
{"stateid":"GJ","districtid":"GJ_Kheda","neighbours":"GJ_Mahisagar,GJ_Aravalli,GJ_Ahmedabad,GJ_Gandhinagar,GJ_Anand,GJ_Panchmahal,GJ_Vadodara"}
{"stateid":"GJ","districtid":"GJ_Vadodara","neighbours":"GJ_Kheda,GJ_Anand,GJ_Panchmahal,GJ_Bharuch,GJ_ChhotaUdaipur,GJ_Narmada"}
{"stateid":"GJ","districtid":"GJ_Bhavnagar","neighbours":"GJ_Ahmedabad,GJ_Botad,GJ_Amreli"}
{"stateid":"GJ","districtid":"GJ_Narmada","neighbours":"MH_Nandurbar,GJ_Tapi,GJ_Bharuch,GJ_Surat,GJ_ChhotaUdaipur,GJ_Vadodara"}
{"stateid":"GJ","districtid":"GJ_Bharuch","neighbours":"GJ_Narmada,GJ_Vadodara,GJ_Surat,GJ_Anand"}
{"stateid":"GJ","districtid":"GJ_Surat","neighbours":"GJ_Bharuch,GJ_Narmada,GJ_Navsari,GJ_Tapi"}
{"stateid":"GJ","districtid":"GJ_Tapi","neighbours":"MH_Dhule,MH_Nandurbar,GJ_Navsari,GJ_Surat,GJ_Dang,GJ_Narmada"}
{"stateid":"GJ","districtid":"GJ_Navsari","neighbours":"GJ_Valsad,GJ_Tapi,GJ_Surat,GJ_Dang,MH_Nashik"}
{"stateid":"GJ","districtid":"GJ_Dang","neighbours":"MH_Nashik,GJ_Tapi,GJ_Navsari,MH_Dhule"}
{"stateid":"GJ","districtid":"GJ_Botad","neighbours":"GJ_Bhavnagar,GJ_Surendranagar,GJ_Rajkot,GJ_Ahmedabad,GJ_Amreli"}
{"stateid":"GJ","districtid":"GJ_Valsad","neighbours":"MH_Palghar,DN_DadraandNagarHaveli,GJ_Navsari,DN_Daman,MH_Nashik"}
{"stateid":"GJ","districtid":"GJ_Surendranagar","neighbours":"GJ_Morbi,GJ_Rajkot,GJ_Ahmedabad,GJ_Kutch,GJ_Mehsana,GJ_Botad,GJ_Patan"}
{"stateid":"GJ","districtid":"GJ_Anand","neighbours":"GJ_Bharuch,GJ_Ahmedabad,GJ_Vadodara,GJ_Kheda"}
{"stateid":"HP","districtid":"HP_Lahaul and Spiti","neighbours":"LA_Leh,HP_Kullu,JK_Kishtwar,HP_Kangra,LA_Kargil,HP_Kinnaur,HP_Chamba"}
{"stateid":"HP","districtid":"HP_Sirmaur","neighbours":"HP_Shimla,HR_Ambala,HP_Solan,HR_Yamunanagar,UP_Saharanpur,HR_Panchkula,UT_Dehradun"}
{"stateid":"HP","districtid":"HP_Una","neighbours":"PB_Hoshiarpur,PB_Rupnagar,HP_Hamirpur,HP_Kangra,CT_Bilaspur"}
{"stateid":"HP","districtid":"HP_Mandi","neighbours":"HP_Kullu,HP_Hamirpur,HP_Solan,HP_Kangra,HP_Shimla,CT_Bilaspur"}
{"stateid":"HP","districtid":"HP_Shimla","neighbours":"HP_Kullu,HP_Solan,UT_Uttarkashi,HP_Kinnaur,HP_Mandi,HP_Sirmaur,UT_Dehradun"}
{"stateid":"HP","districtid":"HP_Kangra","neighbours":"HP_LahaulandSpiti,PB_Hoshiarpur,HP_Kullu,PB_Gurdaspur,PB_Pathankot,HP_Hamirpur,HP_Una,HP_Mandi,HP_Chamba"}
{"stateid":"HP","districtid":"HP_Chamba","neighbours":"HP_LahaulandSpiti,JK_Kathua,JK_Kishtwar,PB_Pathankot,HP_Kangra,JK_Doda"}
{"stateid":"HP","districtid":"HP_Solan","neighbours":"HP_Shimla,PB_Rupnagar,CT_Bilaspur,HP_Mandi,HR_Panchkula,PB_S.A.S.Nagar,HP_Sirmaur"}
{"stateid":"HP","districtid":"HP_Kinnaur","neighbours":"HP_LahaulandSpiti,UT_Uttarkashi,HP_Shimla,HP_Kullu"}
{"stateid":"HP","districtid":"HP_Kullu","neighbours":"HP_LahaulandSpiti,HP_Kangra,HP_Kinnaur,HP_Mandi,HP_Shimla"}
{"stateid":"HR","districtid":"HR_Mahendragarh","neighbours":"RJ_Jhunjhunu,RJ_Sikar,RJ_Jaipur,HR_Jhajjar,HR_Rewari,HR_CharkhiDadri,RJ_Alwar,HR_Bhiwani"}
{"stateid":"HR","districtid":"HR_Rewari","neighbours":"HR_Mahendragarh,HR_Nuh,HR_Jhajjar,HR_Gurugram,RJ_Alwar"}
{"stateid":"HR","districtid":"HR_Yamunanagar","neighbours":"HR_Kurukshetra,HR_Ambala,HR_Karnal,UP_Saharanpur,HP_Sirmaur"}
{"stateid":"HR","districtid":"HR_Palwal","neighbours":"UP_Mathura,HR_Faridabad,HR_Nuh,UP_Aligarh,UP_GautamBuddhaNagar,HR_Gurugram"}
{"stateid":"HR","districtid":"HR_Charkhi Dadri","neighbours":"HR_Jhajjar,HR_Rohtak,HR_Mahendragarh,HR_Bhiwani"}
{"stateid":"HR","districtid":"HR_Ambala","neighbours":"HR_Kurukshetra,PB_Patiala,HR_Yamunanagar,HR_Panchkula,PB_S.A.S.Nagar,HP_Sirmaur"}
{"stateid":"HR","districtid":"HR_Panchkula","neighbours":"CH_Chandigarh,HR_Ambala,HP_Solan,PB_S.A.S.Nagar,HP_Sirmaur"}
{"stateid":"HR","districtid":"HR_Nuh","neighbours":"HR_Palwal,RJ_Bharatpur,UP_Mathura,HR_Rewari,HR_Gurugram,RJ_Alwar"}
{"stateid":"HR","districtid":"HR_Sirsa","neighbours":"RJ_Hanumangarh,PB_SriMuktsarSahib,HR_Fatehabad,PB_Bathinda,PB_Mansa"}
{"stateid":"HR","districtid":"HR_Sonipat","neighbours":"UP_Baghpat,HR_Jind,HR_Rohtak,DL_NorthDelhi,DL_NorthWestDelhi,HR_Jhajjar,HR_Panipat"}
{"stateid":"HR","districtid":"HR_Bhiwani","neighbours":"RJ_Hanumangarh,HR_Hisar,RJ_Churu,HR_Rohtak,HR_Mahendragarh,RJ_Jhunjhunu,HR_CharkhiDadri"}
{"stateid":"HR","districtid":"HR_Kaithal","neighbours":"HR_Kurukshetra,HR_Karnal,HR_Jind,PB_Patiala"}
{"stateid":"HR","districtid":"HR_Panipat","neighbours":"UP_Baghpat,HR_Jind,HR_Karnal,HR_Sonipat,UP_Shamli"}
{"stateid":"HR","districtid":"HR_Jind","neighbours":"PB_Sangrur,PB_Patiala,HR_Kaithal,HR_Karnal,HR_Rohtak,HR_Hisar,HR_Sonipat,HR_Fatehabad,HR_Panipat"}
{"stateid":"HR","districtid":"HR_Karnal","neighbours":"HR_Kurukshetra,HR_Jind,HR_Kaithal,UP_Shamli,HR_Yamunanagar,UP_Saharanpur,HR_Panipat"}
{"stateid":"HR","districtid":"HR_Hisar","neighbours":"RJ_Hanumangarh,HR_Jind,HR_Rohtak,HR_Fatehabad,HR_Bhiwani"}
{"stateid":"HR","districtid":"HR_Rohtak","neighbours":"HR_Hisar,HR_Jind,HR_Sonipat,HR_Jhajjar,HR_CharkhiDadri,HR_Bhiwani"}
{"stateid":"HR","districtid":"HR_Kurukshetra","neighbours":"PB_Patiala,HR_Kaithal,HR_Karnal,HR_Ambala,HR_Yamunanagar"}
{"stateid":"HR","districtid":"HR_Faridabad","neighbours":"DL_SouthEastDelhi,HR_Palwal,DL_SouthDelhi,UP_GautamBuddhaNagar,HR_Gurugram"}
{"stateid":"HR","districtid":"HR_Gurugram","neighbours":"DL_NewDelhi,HR_Palwal,DL_SouthDelhi,HR_Faridabad,HR_Nuh,HR_Jhajjar,HR_Rewari,DL_SouthWestDelhi"}
{"stateid":"HR","districtid":"HR_Jhajjar","neighbours":"HR_Rohtak,HR_Mahendragarh,HR_Gurugram,HR_Sonipat,delhi,DL_NorthWestDelhi,HR_Rewari,DL_SouthWestDelhi,HR_CharkhiDadri"}
{"stateid":"HR","districtid":"HR_Fatehabad","neighbours":"RJ_Hanumangarh,PB_Sangrur,HR_Hisar,HR_Jind,HR_Sirsa,PB_Mansa"}
{"stateid":"JH","districtid":"JH_Sahibganj","neighbours":"BR_Bhagalpur,JH_Pakur,WB_Murshidabad,BR_Katihar,WB_Malda,JH_Godda"}
{"stateid":"JH","districtid":"JH_Saraikela-Kharsawan","neighbours":"JH_Ranchi,OR_Mayurbhanj,JH_Khunti,WB_Purulia,JH_EastSinghbhum,JH_WestSinghbhum"}
{"stateid":"JH","districtid":"JH_Simdega","neighbours":"JH_Gumla,CT_Jashpur,JH_Khunti,OR_Sundargarh,JH_WestSinghbhum"}
{"stateid":"JH","districtid":"JH_Khunti","neighbours":"JH_Gumla,JH_Simdega,JH_Ranchi,JH_Saraikela-Kharsawan,JH_WestSinghbhum"}
{"stateid":"JH","districtid":"JH_Lohardaga","neighbours":"JH_Gumla,JH_Latehar,JH_Ranchi"}
{"stateid":"JH","districtid":"JH_Gumla","neighbours":"CT_Balrampur,CT_Jashpur,JH_Simdega,JH_Ranchi,JH_Lohardaga,JH_Khunti,JH_Latehar"}
{"stateid":"JH","districtid":"JH_Latehar","neighbours":"CT_Balrampur,JH_Gumla,JH_Ranchi,JH_Lohardaga,JH_Palamu,JH_Garhwa,JH_Chatra"}
{"stateid":"JH","districtid":"JH_Ramgarh","neighbours":"JH_Hazaribagh,WB_Purulia,JH_Ranchi,JH_Bokaro"}
{"stateid":"JH","districtid":"JH_Bokaro","neighbours":"JH_Giridih,JH_Hazaribagh,JH_Ramgarh,WB_Purulia,JH_Dhanbad"}
{"stateid":"JH","districtid":"JH_Deoghar","neighbours":"JH_Giridih,JH_Dumka,BR_Jamui,JH_Jamtara,BR_Banka"}
{"stateid":"JH","districtid":"JH_Giridih","neighbours":"JH_Hazaribagh,BR_Nawada,JH_Bokaro,JH_Koderma,BR_Jamui,JH_Jamtara,JH_Dhanbad,JH_Deoghar"}
{"stateid":"JH","districtid":"JH_Dumka","neighbours":"JH_Pakur,WB_Birbhum,JH_Jamtara,JH_Deoghar,JH_Godda,BR_Banka"}
{"stateid":"JH","districtid":"JH_Jamtara","neighbours":"JH_Giridih,WB_PaschimBardhaman,JH_Dumka,WB_Birbhum,JH_Dhanbad,JH_Deoghar"}
{"stateid":"JH","districtid":"JH_Godda","neighbours":"BR_Bhagalpur,JH_Dumka,JH_Pakur,JH_Sahibganj,BR_Banka"}
{"stateid":"JH","districtid":"JH_Palamu","neighbours":"BR_Gaya,JH_Garhwa,BR_Aurangabad,BR_Rohtas,JH_Latehar,JH_Chatra"}
{"stateid":"JH","districtid":"JH_Dhanbad","neighbours":"JH_Giridih,WB_PaschimBardhaman,JH_Bokaro,WB_Purulia,JH_Jamtara"}
{"stateid":"JH","districtid":"JH_Koderma","neighbours":"JH_Giridih,JH_Hazaribagh,BR_Gaya,BR_Nawada"}
{"stateid":"JH","districtid":"JH_Chatra","neighbours":"JH_Hazaribagh,BR_Gaya,JH_Ranchi,JH_Palamu,JH_Latehar"}
{"stateid":"JH","districtid":"JH_Garhwa","neighbours":"CT_Balrampur,JH_Palamu,BR_Rohtas,UP_Sonbhadra,JH_Latehar"}
{"stateid":"JH","districtid":"JH_Hazaribagh","neighbours":"JH_Giridih,BR_Gaya,JH_Ramgarh,JH_Bokaro,JH_Koderma,JH_Ranchi,JH_Chatra"}
{"stateid":"JH","districtid":"JH_East Singhbhum","neighbours":"OR_Kendujhar,WB_Jhargram,JH_Saraikela-Kharsawan,JH_Simdega,OR_Mayurbhanj,WB_Purulia,OR_Sundargarh,JH_Saraikela-Kharsawan,JH_Khunti"}
{"stateid":"JH","districtid":"JH_Pakur","neighbours":"JH_Dumka,WB_Birbhum,WB_Murshidabad,JH_Sahibganj,JH_Godda"}
{"stateid":"JH","districtid":"JH_Ranchi","neighbours":"JH_Hazaribagh,JH_Ramgarh,JH_Gumla,JH_Lohardaga,JH_Khunti,WB_Purulia,JH_Saraikela-Kharsawan,JH_Latehar,JH_Chatra"}
{"stateid":"JK","districtid":"JK_Ganderbal","neighbours":"JK_Bandipora,JK_Srinagar,LA_Kargil,JK_Anantnag"}
{"stateid":"JK","districtid":"JK_Anantnag","neighbours":"JK_Pulwama,JK_Shopiyan,JK_Ganderbal,JK_Kishtwar,JK_Kulgam,JK_Srinagar,LA_Kargil,JK_Doda,JK_Ramban"}
{"stateid":"JK","districtid":"JK_Bandipora","neighbours":"JK_Kupwara,JK_Ganderbal,JK_Baramulla,JK_Srinagar,LA_Kargil"}
{"stateid":"JK","districtid":"JK_Kishtwar","neighbours":"HP_LahaulandSpiti,LA_Kargil,JK_Doda,JK_Anantnag,HP_Chamba"}
{"stateid":"JK","districtid":"JK_Kathua","neighbours":"PB_Pathankot,JK_Samba,JK_Doda,JK_Udhampur,HP_Chamba"}
{"stateid":"JK","districtid":"JK_Udhampur","neighbours":"JK_Reasi,JK_Kathua,JK_Jammu,JK_Samba,JK_Doda,JK_Ramban"}
{"stateid":"JK","districtid":"JK_Jammu","neighbours":"JK_Reasi,JK_Rajouri,JK_Samba,JK_Udhampur"}
{"stateid":"JK","districtid":"JK_Doda","neighbours":"JK_Udhampur,JK_Kathua,JK_Kishtwar,JK_Anantnag,JK_Ramban,HP_Chamba"}
{"stateid":"JK","districtid":"JK_Samba","neighbours":"JK_Kathua,JK_Udhampur,JK_Jammu"}
{"stateid":"JK","districtid":"JK_Ramban","neighbours":"JK_Reasi,JK_Udhampur,JK_Kulgam,JK_Doda,JK_Anantnag"}
{"stateid":"JK","districtid":"JK_Rajouri","neighbours":"JK_Reasi,JK_Punch,JK_Kulgam,JK_Jammu"}
{"stateid":"JK","districtid":"JK_Punch","neighbours":"JK_Reasi,JK_Rajouri,JK_Baramulla,JK_Kulgam,JK_Budgam"}
{"stateid":"JK","districtid":"JK_Reasi","neighbours":"JK_Rajouri,JK_Udhampur,JK_Punch,JK_Jammu,JK_Kulgam,JK_Ramban"}
{"stateid":"JK","districtid":"JK_Budgam","neighbours":"JK_Pulwama,JK_Shopiyan,JK_Baramulla,JK_Punch,JK_Kulgam,JK_Srinagar"}
{"stateid":"JK","districtid":"JK_Baramulla","neighbours":"JK_Bandipora,JK_Kupwara,JK_Punch,JK_Srinagar,JK_Budgam"}
{"stateid":"JK","districtid":"JK_Pulwama","neighbours":"JK_Srinagar,JK_Budgam,JK_Anantnag,JK_Shopiyan"}
{"stateid":"JK","districtid":"JK_Kulgam","neighbours":"JK_Reasi,JK_Shopiyan,JK_Rajouri,JK_Punch,JK_Budgam,JK_Anantnag,JK_Ramban"}
{"stateid":"JK","districtid":"JK_Kupwara","neighbours":"JK_Bandipora,JK_Baramulla"}
{"stateid":"JK","districtid":"JK_Shopiyan","neighbours":"JK_Kulgam,JK_Pulwama,JK_Anantnag,JK_Budgam"}
{"stateid":"JK","districtid":"JK_Srinagar","neighbours":"JK_Bandipora,JK_Pulwama,JK_Ganderbal,JK_Baramulla,JK_Anantnag,JK_Budgam"}
{"stateid":"KA","districtid":"KA_Bengaluru Urban","neighbours":"KA_BengaluruRural,KA_Ramanagara,TN_Krishnagiri"}
{"stateid":"KA","districtid":"KA_Dakshina Kannada","neighbours":"KA_Chikkamagaluru,KL_Kasaragod,KA_Udupi,KA_Hassan,KA_Kodagu"}
{"stateid":"KA","districtid":"KA_Chamarajanagara","neighbours":"TN_Erode,TN_Salem,TN_Nilgiris,KA_Ramanagara,KL_Wayanad,TN_Krishnagiri,KA_Mandya,TN_Dharmapuri,KA_Mysuru"}
{"stateid":"KA","districtid":"KA_Ramanagara","neighbours":"KA_BengaluruRural,KA_Chamarajanagara,TN_Krishnagiri,KA_Mandya,KA_BengaluruUrban,KA_Tumakuru"}
{"stateid":"KA","districtid":"KA_Kodagu","neighbours":"KL_Kasaragod,KA_DakshinaKannada,KL_Wayanad,KL_Kannur,KA_Hassan,KA_Mysuru"}
{"stateid":"KA","districtid":"KA_Haveri","neighbours":"KA_Dharwad,KA_Ballari,KA_UttaraKannada,KA_Davanagere,KA_Shivamogga,KA_Gadag"}
{"stateid":"KA","districtid":"KA_Hassan","neighbours":"KA_Chikkamagaluru,KA_DakshinaKannada,KA_Mandya,KA_Kodagu,KA_Tumakuru,KA_Mysuru"}
{"stateid":"KA","districtid":"KA_Raichur","neighbours":"KA_Koppal,TG_Narayanpet,KA_Ballari,KA_Bagalkote,TG_JogulambaGadwal,AP_Kurnool,TG_YadadriBhuvanagiri,CT_Bijapur"}
{"stateid":"KA","districtid":"KA_Udupi","neighbours":"KA_Chikkamagaluru,KA_UttaraKannada,KA_DakshinaKannada,KA_Shivamogga"}
{"stateid":"KA","districtid":"KA_Chikkamagaluru","neighbours":"KA_DakshinaKannada,KA_Davanagere,KA_Shivamogga,KA_Udupi,KA_Hassan,KA_Chitradurga,KA_Tumakuru"}
{"stateid":"KA","districtid":"KA_Mandya","neighbours":"KA_Chamarajanagara,KA_Ramanagara,KA_Hassan,KA_Tumakuru,KA_Mysuru"}
{"stateid":"KA","districtid":"KA_Mysuru","neighbours":"KA_Chamarajanagara,KL_Wayanad,KA_Mandya,KA_Hassan,KA_Kodagu"}
{"stateid":"KA","districtid":"KA_Bidar","neighbours":"MH_Latur,KA_Kalaburagi,MH_Nanded,MH_Osmanabad,TG_Sangareddy,TG_Kamareddy"}
{"stateid":"KA","districtid":"KA_Kalaburagi","neighbours":"TG_Narayanpet,MH_Solapur,MH_Osmanabad,TG_Vikarabad,TG_YadadriBhuvanagiri,KA_Bidar,TG_Sangareddy,CT_Bijapur"}
{"stateid":"KA","districtid":"KA_Belagavi","neighbours":"KA_Dharwad,MH_Sindhudurg,KA_Gadag,KA_UttaraKannada,KA_Bagalkote,MH_Kolhapur,GA_NorthGoa,CT_Bijapur,MH_Sangli"}
{"stateid":"KA","districtid":"KA_Gadag","neighbours":"KA_Koppal,KA_Dharwad,KA_Ballari,KA_Belagavi,KA_Bagalkote,KA_Haveri"}
{"stateid":"KA","districtid":"KA_Dharwad","neighbours":"KA_Belagavi,KA_UttaraKannada,KA_Haveri,KA_Gadag"}
{"stateid":"KA","districtid":"KA_Bagalkote","neighbours":"KA_Koppal,CT_Bijapur,KA_Raichur,KA_Belagavi,KA_Gadag"}
{"stateid":"KA","districtid":"KA_Ballari","neighbours":"KA_Koppal,KA_Raichur,KA_Davanagere,KA_Haveri,AP_Kurnool,KA_Chitradurga,KA_Gadag,AP_Anantapur"}
{"stateid":"KA","districtid":"KA_Davanagere","neighbours":"KA_Chikkamagaluru,KA_Ballari,KA_Haveri,KA_Shivamogga,KA_Chitradurga"}
{"stateid":"KA","districtid":"KA_Chitradurga","neighbours":"KA_Chikkamagaluru,KA_Ballari,KA_Davanagere,KA_Tumakuru,AP_Anantapur"}
{"stateid":"KA","districtid":"KA_Chikkaballapura","neighbours":"KA_BengaluruRural,AP_Chittoor,KA_Kolar,KA_Tumakuru,AP_Anantapur"}
{"stateid":"KA","districtid":"KA_Tumakuru","neighbours":"KA_Chikkamagaluru,KA_BengaluruRural,KA_Ramanagara,KA_Mandya,KA_Chikkaballapura,KA_Hassan,KA_Chitradurga,AP_Anantapur"}
{"stateid":"KA","districtid":"KA_Kolar","neighbours":"AP_Chittoor,KA_BengaluruRural,KA_Chikkaballapura,TN_Krishnagiri"}
{"stateid":"KA","districtid":"KA_Uttara Kannada","neighbours":"GA_NorthGoa,KA_Dharwad,KA_Belagavi,GA_SouthGoa,KA_Haveri,KA_Shivamogga,KA_Udupi"}
{"stateid":"KA","districtid":"KA_Shivamogga","neighbours":"KA_Chikkamagaluru,KA_UttaraKannada,KA_Davanagere,KA_Haveri,KA_Udupi"}
{"stateid":"KA","districtid":"KA_Koppal","neighbours":"KA_Raichur,KA_Bagalkote,KA_Ballari,KA_Gadag"}
{"stateid":"KA","districtid":"KA_Bengaluru Rural","neighbours":"KA_Ramanagara,TN_Krishnagiri,KA_Kolar,KA_Chikkaballapura,KA_BengaluruUrban,KA_Tumakuru"}
{"stateid":"KL","districtid":"KL_Kasaragod","neighbours":"KA_Kodagu,KA_DakshinaKannada,KL_Kannur"}
{"stateid":"KL","districtid":"KL_Kannur","neighbours":"PY_Mahe,KL_Kasaragod,KL_Wayanad,KL_Kozhikode,KA_Kodagu"}
{"stateid":"KL","districtid":"KL_Kozhikode","neighbours":"PY_Mahe,KL_Malappuram,KL_Wayanad,KL_Kannur"}
{"stateid":"KL","districtid":"KL_Alappuzha","neighbours":"KL_Kollam,KL_Pathanamthitta,KL_Ernakulam,KL_Kottayam"}
{"stateid":"KL","districtid":"KL_Kottayam","neighbours":"KL_Pathanamthitta,KL_Ernakulam,KL_Alappuzha,KL_Idukki"}
{"stateid":"KL","districtid":"KL_Malappuram","neighbours":"MH_Palghar,KL_Thrissur,TN_Nilgiris,KL_Wayanad,KL_Kozhikode"}
{"stateid":"KL","districtid":"KL_Wayanad","neighbours":"KA_Chamarajanagara,KL_Malappuram,TN_Nilgiris,KL_Kozhikode,KL_Kannur,KA_Kodagu,KA_Mysuru"}
{"stateid":"KL","districtid":"KL_Thiruvananthapuram","neighbours":"KL_Kollam,TN_Kanyakumari,TN_Tirunelveli"}
{"stateid":"KL","districtid":"KL_Idukki","neighbours":"TN_Coimbatore,TN_Tirunelveli,KL_Ernakulam,KL_Pathanamthitta,TN_Virudhunagar,KL_Kottayam,TN_Theni,TN_Tiruppur,TN_Dindigul"}
{"stateid":"KL","districtid":"KL_Kollam","neighbours":"KL_Pathanamthitta,TN_Tirunelveli,KL_Thiruvananthapuram,KL_Alappuzha"}
{"stateid":"KL","districtid":"KL_Pathanamthitta","neighbours":"TN_Tirunelveli,KL_Kollam,KL_Alappuzha,KL_Kottayam,KL_Idukki"}
{"stateid":"KL","districtid":"KL_Ernakulam","neighbours":"TN_Coimbatore,KL_Thrissur,KL_Alappuzha,KL_Kottayam,KL_Idukki"}
{"stateid":"KL","districtid":"KL_Thrissur","neighbours":"KL_Malappuram,KL_Ernakulam,MH_Palghar,TN_Coimbatore"}
{"stateid":"LA","districtid":"LA_Kargil","neighbours":"JK_Bandipora,LA_Leh,HP_LahaulandSpiti,JK_Ganderbal,JK_Kishtwar,JK_Anantnag"}
{"stateid":"LA","districtid":"LA_Leh","neighbours":"HP_LahaulandSpiti,LA_Kargil"}
{"stateid":"MH","districtid":"MH_Ahmednagar","neighbours":"MH_Beed,MH_Pune,MH_Thane,MH_Solapur,BR_Aurangabad,MH_Osmanabad,MH_Nashik"}
{"stateid":"MH","districtid":"MH_Nanded","neighbours":"MH_Hingoli,MH_Latur,TG_Nizamabad,TG_Adilabad,TG_Nirmal,KA_Bidar,TG_Kamareddy,MH_Yavatmal,MH_Parbhani"}
{"stateid":"MH","districtid":"MH_Washim","neighbours":"MH_Hingoli,MH_Akola,MH_Amravati,MH_Buldhana,MH_Yavatmal,MH_Parbhani"}
{"stateid":"MH","districtid":"MH_Yavatmal","neighbours":"MH_Hingoli,TG_Adilabad,MH_Nanded,MH_Wardha,MH_Chandrapur,MH_Amravati,MH_Washim"}
{"stateid":"MH","districtid":"MH_Wardha","neighbours":"MH_Nagpur,MH_Chandrapur,MH_Yavatmal,MH_Amravati"}
{"stateid":"MH","districtid":"MH_Thane","neighbours":"MH_Ahmednagar,MH_Palghar,MH_Pune,MH_Raigad,MH_Nashik,MH_MumbaiSuburban"}
{"stateid":"MH","districtid":"MH_Chandrapur","neighbours":"MH_Nagpur,MH_Bhandara,TG_Adilabad,MH_Gadchiroli,MH_Wardha,TG_KomaramBheem,MH_Yavatmal"}
{"stateid":"MH","districtid":"MH_Pune","neighbours":"MH_Ahmednagar,MH_Satara,MH_Thane,MH_Solapur,MH_Raigad"}
{"stateid":"MH","districtid":"MH_Sindhudurg","neighbours":"GA_NorthGoa,KA_Belagavi,MH_Ratnagiri,MH_Kolhapur"}
{"stateid":"MH","districtid":"MH_Kolhapur","neighbours":"MH_Ratnagiri,MH_Sindhudurg,KA_Belagavi,MH_Sangli"}
{"stateid":"MH","districtid":"MH_Solapur","neighbours":"MH_Ahmednagar,MH_Satara,KA_Kalaburagi,MH_Pune,MH_Osmanabad,CT_Bijapur,MH_Sangli"}
{"stateid":"MH","districtid":"MH_Osmanabad","neighbours":"MH_Latur,MH_Ahmednagar,MH_Beed,KA_Kalaburagi,MH_Solapur,KA_Bidar"}
{"stateid":"MH","districtid":"MH_Satara","neighbours":"MH_Pune,MH_Solapur,MH_Ratnagiri,MH_Raigad,MH_Sangli"}
{"stateid":"MH","districtid":"MH_Raigad","neighbours":"MH_Ratnagiri,MH_Pune,MH_Satara,MH_Thane"}
{"stateid":"MH","districtid":"MH_Beed","neighbours":"MH_Latur,MH_Ahmednagar,MH_Jalna,BR_Aurangabad,MH_Osmanabad,MH_Parbhani"}
{"stateid":"MH","districtid":"MH_Sangli","neighbours":"MH_Satara,KA_Belagavi,MH_Solapur,MH_Ratnagiri,MH_Kolhapur,CT_Bijapur"}
{"stateid":"MH","districtid":"MH_Gadchiroli","neighbours":"TG_Mancherial,TG_JayashankarBhupalapally,MH_Bhandara,CT_UttarBastarKanker,CT_Narayanpur,MH_Chandrapur,MH_Gondia,TG_KomaramBheem,CT_Bijapur,CT_Rajnandgaon"}
{"stateid":"MH","districtid":"MH_Jalna","neighbours":"MH_Beed,BR_Aurangabad,MH_Jalgaon,MH_Buldhana,MH_Parbhani"}
{"stateid":"MH","districtid":"MH_Gondia","neighbours":"CT_Rajnandgaon,MH_Bhandara,MP_Balaghat,MH_Gadchiroli"}
{"stateid":"MH","districtid":"HP_Hamirpur","neighbours":"UP_KanpurNagar,UP_Jalaun,CT_Bilaspur,UP_Mahoba,UP_Fatehpur,HP_Kangra,UP_Banda,UP_Jhansi,HP_Una,HP_Mandi,UP_KanpurDehat"}
{"stateid":"MH","districtid":"MH_Jalgaon","neighbours":"MP_Burhanpur,MH_Dhule,MH_Jalna,MP_Khargone,BR_Aurangabad,MP_Barwani,MH_Buldhana,MH_Nashik"}
{"stateid":"MH","districtid":"MH_Nandurbar","neighbours":"MP_Alirajpur,MH_Dhule,GJ_Tapi,GJ_ChhotaUdaipur,MP_Barwani,GJ_Narmada"}
{"stateid":"MH","districtid":"MH_Nashik","neighbours":"MH_Ahmednagar,GJ_Valsad,MH_Palghar,MH_Dhule,GJ_Navsari,MH_Thane,BR_Aurangabad,MH_Jalgaon,GJ_Dang"}
{"stateid":"MH","districtid":"MH_Amravati","neighbours":"MH_Buldhana,MP_Khandwa,MP_Burhanpur,MH_Nagpur,MP_Chhindwara,MH_Akola,MH_Wardha,MH_Washim,MP_Betul,MH_Yavatmal"}
{"stateid":"MH","districtid":"MH_Dhule","neighbours":"MH_Nandurbar,GJ_Tapi,MP_Barwani,MH_Jalgaon,GJ_Dang,MH_Nashik"}
{"stateid":"MH","districtid":"MH_Ratnagiri","neighbours":"MH_Sindhudurg,MH_Satara,MH_Raigad,MH_Kolhapur,MH_Sangli"}
{"stateid":"MH","districtid":"MH_Buldhana","neighbours":"MP_Burhanpur,MH_Jalna,MH_Akola,MH_Jalgaon,MH_Amravati,MH_Washim,MH_Parbhani"}
{"stateid":"MH","districtid":"MH_Parbhani","neighbours":"MH_Hingoli,MH_Latur,MH_Beed,MH_Jalna,MH_Nanded,MH_Washim,MH_Buldhana"}
{"stateid":"MH","districtid":"MH_Akola","neighbours":"MH_Washim,MH_Buldhana,MH_Amravati"}
{"stateid":"MH","districtid":"MH_Hingoli","neighbours":"MH_Nanded,MH_Washim,MH_Yavatmal,MH_Parbhani"}
{"stateid":"MH","districtid":"MH_Nagpur","neighbours":"MP_Chhindwara,MH_Bhandara,MH_Wardha,MH_Chandrapur,MH_Amravati,MP_Balaghat,MP_Seoni"}
{"stateid":"MH","districtid":"MH_Bhandara","neighbours":"MH_Nagpur,MH_Gadchiroli,MP_Balaghat,MH_Chandrapur,MH_Gondia"}
{"stateid":"MH","districtid":"MH_Latur","neighbours":"MH_Beed,MH_Nanded,MH_Osmanabad,KA_Bidar,MH_Parbhani"}
{"stateid":"ML","districtid":"ML_West Jaintia Hills","neighbours":"ML_EastJaintiaHills,AS_Cachar,ML_EastKhasiHills,ML_WestJaintiaHills,AS_WestKarbiAnglong,AS_DimaHasao,ML_Ribhoi"}
{"stateid":"ML","districtid":"ML_Ribhoi","neighbours":"ML_EastKhasiHills,ML_WestJaintiaHills,AS_WestKarbiAnglong,ML_WestKhasiHills,AS_Kamrup,AS_Morigaon,AS_KamrupMetropolitan"}
{"stateid":"ML","districtid":"ML_West Khasi Hills","neighbours":"ML_EastKhasiHills,ML_WestJaintiaHills,ML_EastGaroHills,ML_WestKhasiHills,ML_WestKhasiHills,ML_Ribhoi,AS_Kamrup,ML_SouthWestKhasiHills,ML_SouthGaroHills,ML_NorthGaroHills"}
{"stateid":"ML","districtid":"ML_North Garo Hills","neighbours":"ML_WestGaroHills,ML_SouthGaroHills,ML_WestGaroHills,AS_Goalpara,ML_WestKhasiHills,ML_NorthGaroHills,AS_SouthSalmaraMankachar,AS_Kamrup,ML_SouthWestGaroHills,ML_SouthWestKhasiHills,ML_NorthGaroHills,ML_EastGaroHills"}
{"stateid":"MN","districtid":"MN_Pherzawl","neighbours":"AS_Cachar,MN_Jiribam,MN_Churachandpur,MZ_Aizawl,MZ_Champhai,MN_Noney"}
{"stateid":"MN","districtid":"MN_Ukhrul","neighbours":"NL_Phek,MN_Kamjong,MN_Kangpokpi,MN_Senapati"}
{"stateid":"MN","districtid":"MN_Chandel","neighbours":"MN_Kakching,MN_Churachandpur,MN_Tengnoupal"}
{"stateid":"MN","districtid":"MN_Imphal West","neighbours":"MN_Thoubal,MN_Kakching,MN_Bishnupur,MN_Kangpokpi,MN_ImphalEast"}
{"stateid":"MN","districtid":"MN_Churachandpur","neighbours":"MN_Pherzawl,MN_Kakching,MN_Bishnupur,MN_Noney,MN_Chandel"}
{"stateid":"MN","districtid":"MN_Kangpokpi","neighbours":"MN_Thoubal,MN_ImphalWest,MN_Bishnupur,MN_Senapati,MN_Tengnoupal,MN_Kamjong,MN_Tamenglong,MN_ImphalEast,MN_Noney,MN_Ukhrul"}
{"stateid":"MN","districtid":"MN_Kakching","neighbours":"MN_Thoubal,MN_ImphalWest,MN_Bishnupur,MN_Tengnoupal,MN_Churachandpur,MN_Chandel"}
{"stateid":"MN","districtid":"MN_Kamjong","neighbours":"MN_Kangpokpi,MN_Ukhrul,MN_Tengnoupal"}
{"stateid":"MP","districtid":"MP_Shahdol","neighbours":"MP_Umaria,MP_Anuppur,CT_Koriya,MP_Satna,MP_Sidhi"}
{"stateid":"MP","districtid":"MP_Anuppur","neighbours":"MP_Umaria,MP_Shahdol,CT_Mungeli,CT_Koriya,MP_Dindori,CT_Bilaspur"}
{"stateid":"MP","districtid":"MP_Hoshangabad","neighbours":"MP_Chhindwara,MP_Sehore,MP_Raisen,MP_Narsinghpur,MP_Betul,MP_Harda"}
{"stateid":"MP","districtid":"MP_Damoh","neighbours":"MP_Katni,MP_Chhatarpur,MP_Panna,MP_Jabalpur,MP_Narsinghpur,MP_Sagar"}
{"stateid":"MP","districtid":"MP_Chhindwara","neighbours":"MH_Nagpur,MP_Hoshangabad,MH_Amravati,MP_Narsinghpur,MP_Seoni,MP_Betul"}
{"stateid":"MP","districtid":"MP_Burhanpur","neighbours":"MP_Khandwa,MP_Khargone,MH_Amravati,MH_Jalgaon,MH_Buldhana"}
{"stateid":"MP","districtid":"MP_Singrauli","neighbours":"MP_Rewa,CT_Balrampur,CT_Koriya,MP_Sidhi,UP_Sonbhadra,CT_Surajpur,UP_Mirzapur"}
{"stateid":"MP","districtid":"MP_Shivpuri","neighbours":"MP_Sheopur,UP_Lalitpur,MP_Datia,MP_Ashoknagar,UP_Jhansi,RJ_Baran,MP_Morena,MP_Guna,MP_Gwalior"}
{"stateid":"MP","districtid":"MP_Jabalpur","neighbours":"MP_Katni,MP_Umaria,MP_Dindori,MP_Damoh,MP_Mandla,MP_Narsinghpur,MP_Seoni"}
{"stateid":"MP","districtid":"MP_Sidhi","neighbours":"MP_Rewa,MP_Singrauli,MP_Shahdol,CT_Koriya,MP_Satna"}
{"stateid":"MP","districtid":"MP_Jhabua","neighbours":"MP_Alirajpur,GJ_Dahod,RJ_Banswara,MP_Dhar,MP_Ratlam"}
{"stateid":"MP","districtid":"MP_Balaghat","neighbours":"CT_Kabeerdham,MH_Nagpur,MH_Bhandara,MP_Mandla,MH_Gondia,MP_Seoni,CT_Rajnandgaon"}
{"stateid":"MP","districtid":"MP_Umaria","neighbours":"MP_Katni,MP_Shahdol,MP_Anuppur,MP_Satna,MP_Jabalpur,MP_Dindori"}
{"stateid":"MP","districtid":"MP_Sehore","neighbours":"MP_Dewas,MP_Bhopal,MP_Raisen,MP_Hoshangabad,MP_Rajgarh,MP_Shajapur,MP_Harda"}
{"stateid":"MP","districtid":"MP_Raisen","neighbours":"MP_Vidisha,MP_Bhopal,MP_Hoshangabad,MP_Narsinghpur,MP_Sagar,MP_Sehore"}
{"stateid":"MP","districtid":"MP_Narsinghpur","neighbours":"MP_Chhindwara,MP_Seoni,MP_Jabalpur,MP_Raisen,MP_Hoshangabad,MP_Damoh,MP_Sagar"}
{"stateid":"MP","districtid":"MP_Guna","neighbours":"MP_Shivpuri,MP_Vidisha,RJ_Jhalawar,MP_Bhopal,MP_Ashoknagar,MP_Rajgarh,RJ_Baran"}
{"stateid":"MP","districtid":"MP_Mandsaur","neighbours":"RJ_Chittorgarh,RJ_Pratapgarh,MP_Ratlam,RJ_Jhalawar,RJ_Kota,MP_Neemuch"}
{"stateid":"MP","districtid":"MP_Rajgarh","neighbours":"RJ_Jhalawar,MP_Bhopal,MP_Shajapur,MP_Sehore,MP_Guna,MP_AgarMalwa"}
{"stateid":"MP","districtid":"MP_Neemuch","neighbours":"MP_Mandsaur,RJ_Chittorgarh,RJ_Bhilwara,RJ_Pratapgarh"}
{"stateid":"MP","districtid":"MP_Seoni","neighbours":"MH_Nagpur,MP_Chhindwara,MP_Jabalpur,MP_Balaghat,MP_Mandla,MP_Narsinghpur"}
{"stateid":"MP","districtid":"MP_Katni","neighbours":"MP_Umaria,MP_Satna,MP_Panna,MP_Jabalpur,MP_Damoh"}
{"stateid":"MP","districtid":"MP_Sheopur","neighbours":"MP_Shivpuri,RJ_SawaiMadhopur,RJ_Karauli,RJ_Baran,RJ_Kota,MP_Morena"}
{"stateid":"MP","districtid":"MP_Morena","neighbours":"MP_Bhind,MP_Shivpuri,RJ_Dholpur,UP_Agra,MP_Sheopur,RJ_Karauli,MP_Gwalior"}
{"stateid":"MP","districtid":"MP_Agar Malwa","neighbours":"RJ_Jhalawar,MP_Ujjain,MP_Rajgarh,MP_Shajapur,MP_Ratlam"}
{"stateid":"MP","districtid":"MP_Dhar","neighbours":"MP_Alirajpur,MP_Jhabua,MP_Khargone,MP_Ujjain,MP_Barwani,MP_Ratlam,MP_Indore"}
{"stateid":"MP","districtid":"MP_Datia","neighbours":"MP_Bhind,MP_Shivpuri,UP_Lalitpur,UP_Jhansi,MP_Gwalior"}
{"stateid":"MP","districtid":"MP_Chhatarpur","neighbours":"MP_Tikamgarh,UP_Lalitpur,UP_Mahoba,MP_Panna,UP_Banda,MP_Damoh,UP_Jhansi,MP_Sagar"}
{"stateid":"MP","districtid":"MP_Tikamgarh","neighbours":"UP_Lalitpur,MP_Chhatarpur,MP_Niwari,UP_Jhansi"}
{"stateid":"MP","districtid":"MP_Sagar","neighbours":"MP_Vidisha,MP_Chhatarpur,UP_Lalitpur,MP_Ashoknagar,MP_Raisen,MP_Damoh,MP_Narsinghpur"}
{"stateid":"MP","districtid":"MP_Ashoknagar","neighbours":"MP_Shivpuri,MP_Vidisha,UP_Lalitpur,MP_Sagar,MP_Guna"}
{"stateid":"MP","districtid":"MP_Ujjain","neighbours":"MP_Dewas,MP_Dhar,MP_Shajapur,MP_Ratlam,MP_AgarMalwa,MP_Indore"}
{"stateid":"MP","districtid":"MP_Mandla","neighbours":"CT_Kabeerdham,MP_Jabalpur,MP_Dindori,MP_Balaghat,MP_Seoni"}
{"stateid":"MP","districtid":"MP_Dewas","neighbours":"MP_Khandwa,MP_Khargone,MP_Ujjain,MP_Shajapur,MP_Sehore,MP_Harda,MP_Indore"}
{"stateid":"MP","districtid":"MP_Indore","neighbours":"MP_Ujjain,MP_Dhar,MP_Dewas,MP_Khargone"}
{"stateid":"MP","districtid":"MP_Barwani","neighbours":"MP_Alirajpur,MH_Dhule,MH_Nandurbar,MP_Khargone,MP_Dhar,MH_Jalgaon"}
{"stateid":"MP","districtid":"MP_Vidisha","neighbours":"MP_Bhopal,MP_Ashoknagar,MP_Raisen,MP_Sagar,MP_Guna"}
{"stateid":"MP","districtid":"MP_Khargone","neighbours":"MP_Khandwa,MP_Dewas,MP_Burhanpur,MP_Dhar,MP_Barwani,MH_Jalgaon,MP_Indore"}
{"stateid":"MP","districtid":"MP_Khandwa","neighbours":"MP_Dewas,MP_Burhanpur,MP_Khargone,MH_Amravati,MP_Betul,MP_Harda"}
{"stateid":"MP","districtid":"MP_Rewa","neighbours":"MP_Singrauli,UP_Chitrakoot,MP_Satna,UP_Prayagraj,MP_Sidhi,UP_Mirzapur"}
{"stateid":"MP","districtid":"MP_Panna","neighbours":"MP_Katni,MP_Satna,MP_Chhatarpur,UP_Banda,MP_Damoh"}
{"stateid":"MP","districtid":"MP_Satna","neighbours":"MP_Katni,MP_Rewa,MP_Umaria,MP_Shahdol,UP_Chitrakoot,MP_Panna,UP_Banda,MP_Sidhi"}
{"stateid":"MP","districtid":"MP_Shajapur","neighbours":"MP_Dewas,MP_Ujjain,MP_Rajgarh,MP_Sehore,MP_AgarMalwa"}
{"stateid":"MP","districtid":"MP_Bhind","neighbours":"UP_Etawah,UP_Agra,UP_Jalaun,MP_Datia,UP_Jhansi,MP_Morena,MP_Gwalior"}
{"stateid":"MP","districtid":"MP_Gwalior","neighbours":"MP_Datia,MP_Bhind,MP_Shivpuri,MP_Morena"}
{"stateid":"MP","districtid":"MP_Harda","neighbours":"MP_Khandwa,MP_Dewas,MP_Sehore,MP_Hoshangabad,MP_Betul"}
{"stateid":"MP","districtid":"MP_Betul","neighbours":"MP_Khandwa,MP_Chhindwara,MP_Hoshangabad,MH_Amravati,MP_Harda"}
{"stateid":"MP","districtid":"MP_Alirajpur","neighbours":"GJ_Dahod,MH_Nandurbar,MP_Jhabua,GJ_ChhotaUdaipur,MP_Dhar,MP_Barwani"}
{"stateid":"MP","districtid":"MP_Bhopal","neighbours":"MP_Vidisha,MP_Raisen,MP_Rajgarh,MP_Sehore,MP_Guna"}
{"stateid":"MP","districtid":"MP_Dindori","neighbours":"MP_Umaria,CT_Mungeli,CT_Kabeerdham,MP_Anuppur,MP_Jabalpur,MP_Mandla"}
{"stateid":"MP","districtid":"MP_Ratlam","neighbours":"RJ_Banswara,RJ_Pratapgarh,MP_Jhabua,RJ_Jhalawar,MP_Mandsaur,MP_Ujjain,MP_Dhar,MP_AgarMalwa"}
{"stateid":"MZ","districtid":"MZ_Lawngtlai","neighbours":"MZ_Saiha,MZ_Lunglei"}
{"stateid":"MZ","districtid":"MZ_Champhai","neighbours":"MN_Pherzawl,MZ_Serchhip,MZ_Aizawl"}
{"stateid":"MZ","districtid":"MZ_Aizawl","neighbours":"MN_Pherzawl,AS_Cachar,MZ_Mamit,MZ_Lunglei,MZ_Serchhip,MZ_Champhai,MZ_Kolasib"}
{"stateid":"MZ","districtid":"MZ_Serchhip","neighbours":"MZ_Lunglei,MZ_Aizawl,MZ_Champhai"}
{"stateid":"MZ","districtid":"MZ_Saiha","neighbours":"MZ_Lawngtlai"}
{"stateid":"MZ","districtid":"MZ_Lunglei","neighbours":"MZ_Lawngtlai,MZ_Mamit,MZ_Serchhip,MZ_Aizawl"}
{"stateid":"MZ","districtid":"MZ_Kolasib","neighbours":"MZ_Mamit,AS_Hailakandi,MZ_Aizawl,AS_Cachar"}
{"stateid":"MZ","districtid":"MZ_Mamit","neighbours":"MZ_Kolasib,AS_Karimganj,MZ_Lunglei,MZ_Aizawl,AS_Hailakandi,TR_NorthTripura"}
{"stateid":"NL","districtid":"NL_Mon","neighbours":"NL_Longleng,AS_Charaideo,NL_Tuensang,AR_Longding,AS_Sivasagar"}
{"stateid":"NL","districtid":"NL_Kohima","neighbours":"AS_Golaghat,NL_Wokha,NL_Peren,MN_Senapati,NL_Phek,NL_Dimapur,NL_Zunheboto"}
{"stateid":"NL","districtid":"NL_Wokha","neighbours":"AS_Jorhat,AS_Golaghat,NL_Kohima,NL_Zunheboto,NL_Mokokchung"}
{"stateid":"NL","districtid":"NL_Mokokchung","neighbours":"NL_Longleng,AS_Jorhat,NL_Wokha,NL_Tuensang,NL_Zunheboto,AS_Sivasagar"}
{"stateid":"NL","districtid":"NL_Phek","neighbours":"MN_Senapati,NL_Kohima,NL_Kiphire,NL_Zunheboto,MN_Ukhrul"}
{"stateid":"NL","districtid":"NL_Zunheboto","neighbours":"NL_Wokha,NL_Kohima,NL_Tuensang,NL_Phek,NL_Kiphire,NL_Mokokchung"}
{"stateid":"NL","districtid":"NL_Longleng","neighbours":"NL_Mon,NL_Tuensang,NL_Mokokchung,AS_Sivasagar"}
{"stateid":"NL","districtid":"NL_Kiphire","neighbours":"NL_Phek,NL_Zunheboto,NL_Tuensang"}
{"stateid":"NL","districtid":"NL_Tuensang","neighbours":"NL_Longleng,NL_Mon,NL_Kiphire,NL_Zunheboto,NL_Mokokchung"}
{"stateid":"NL","districtid":"NL_Peren","neighbours":"MN_Senapati,NL_Kohima,AS_DimaHasao,MN_Tamenglong,NL_Dimapur,AS_KarbiAnglong"}
{"stateid":"NL","districtid":"NL_Dimapur","neighbours":"NL_Kohima,AS_KarbiAnglong,AS_Golaghat,NL_Peren"}
{"stateid":"OR","districtid":"OR_Koraput","neighbours":"OR_Rayagada,OR_Malkangiri,AP_Vizianagaram,AP_Visakhapatnam,OR_Nabarangapur,OR_Kalahandi,CT_Bastar"}
{"stateid":"OR","districtid":"OR_Nuapada","neighbours":"OR_Bargarh,CT_Gariaband,OR_Balangir,CT_Mahasamund,OR_Kalahandi"}
{"stateid":"OR","districtid":"OR_Jharsuguda","neighbours":"OR_Sambalpur,OR_Bargarh,OR_Sundargarh,CT_Raigarh"}
{"stateid":"OR","districtid":"OR_Bargarh","neighbours":"OR_Sambalpur,OR_Balangir,OR_Nuapada,CT_Mahasamund,OR_Jharsuguda,CT_Raigarh,OR_Subarnapur"}
{"stateid":"OR","districtid":"OR_Malkangiri","neighbours":"AP_EastGodavari,AP_Visakhapatnam,CT_Sukma,OR_Koraput,CT_Bastar"}
{"stateid":"OR","districtid":"OR_Sundargarh","neighbours":"OR_Deogarh,OR_Kendujhar,OR_Sambalpur,CT_Jashpur,JH_Simdega,OR_Jharsuguda,JH_WestSinghbhum,OR_Angul,CT_Raigarh"}
{"stateid":"OR","districtid":"OR_Kendujhar","neighbours":"UT_Bageshwar,OR_Mayurbhanj,OR_Sundargarh,OR_Bhadrak,OR_Dhenkanal,OR_Jajpur,JH_WestSinghbhum,OR_Angul"}
{"stateid":"OR","districtid":"OR_Gajapati","neighbours":"OR_Rayagada,OR_Kandhamal,OR_Ganjam,AP_Srikakulam"}
{"stateid":"OR","districtid":"OR_Rayagada","neighbours":"OR_Gajapati,AP_Vizianagaram,OR_Koraput,OR_Kandhamal,AP_Srikakulam,OR_Kalahandi"}
{"stateid":"OR","districtid":"OR_Bhadrak","neighbours":"UT_Bageshwar,OR_Jajpur,OR_Kendujhar,OR_Kendrapara"}
{"stateid":"OR","districtid":"OR_Kendrapara","neighbours":"OR_Cuttack,OR_Jajpur,OR_Bhadrak,OR_Jagatsinghpur"}
{"stateid":"OR","districtid":"OR_Jagatsinghpur","neighbours":"OR_Cuttack,OR_Puri,OR_Kendrapara"}
{"stateid":"OR","districtid":"OR_Jajpur","neighbours":"OR_Kendujhar,OR_Kendrapara,OR_Cuttack,OR_Bhadrak,OR_Dhenkanal"}
{"stateid":"OR","districtid":"OR_Mayurbhanj","neighbours":"UT_Bageshwar,OR_Kendujhar,WB_Jhargram,JH_Saraikela-Kharsawan,JH_EastSinghbhum,JH_WestSinghbhum"}
{"stateid":"OR","districtid":"OR_Puri","neighbours":"OR_Cuttack,OR_Khordha,OR_Ganjam,OR_Jagatsinghpur"}
{"stateid":"OR","districtid":"OR_Ganjam","neighbours":"OR_Khordha,OR_Gajapati,OR_Nayagarh,OR_Puri,OR_Kandhamal,AP_Srikakulam"}
{"stateid":"OR","districtid":"OR_Cuttack","neighbours":"OR_Khordha,OR_Nayagarh,OR_Puri,OR_Kendrapara,OR_Dhenkanal,OR_Jajpur,OR_Angul,OR_Jagatsinghpur"}
{"stateid":"OR","districtid":"OR_Dhenkanal","neighbours":"OR_Cuttack,OR_Jajpur,OR_Kendujhar,OR_Angul"}
{"stateid":"OR","districtid":"OR_Nayagarh","neighbours":"OR_Khordha,OR_Cuttack,OR_Boudh,OR_Kandhamal,OR_Angul,OR_Ganjam"}
{"stateid":"OR","districtid":"OR_Balangir","neighbours":"OR_Bargarh,OR_Boudh,OR_Kandhamal,OR_Kalahandi,OR_Nuapada,OR_Subarnapur"}
{"stateid":"OR","districtid":"OR_Khordha","neighbours":"OR_Cuttack,OR_Nayagarh,OR_Ganjam,OR_Puri"}
{"stateid":"OR","districtid":"OR_Sambalpur","neighbours":"OR_Deogarh,OR_Bargarh,OR_Jharsuguda,OR_Sundargarh,OR_Angul,OR_Subarnapur"}
{"stateid":"OR","districtid":"OR_Kalahandi","neighbours":"OR_Rayagada,CT_Gariaband,OR_Balangir,OR_Koraput,OR_Nabarangapur,OR_Kandhamal,OR_Nuapada"}
{"stateid":"OR","districtid":"OR_Subarnapur","neighbours":"OR_Bargarh,OR_Sambalpur,OR_Balangir,OR_Boudh,OR_Angul"}
{"stateid":"OR","districtid":"OR_Kandhamal","neighbours":"OR_Rayagada,OR_Gajapati,OR_Nayagarh,OR_Balangir,OR_Boudh,OR_Kalahandi,OR_Ganjam"}
{"stateid":"OR","districtid":"OR_Angul","neighbours":"OR_Deogarh,OR_Kendujhar,OR_Nayagarh,OR_Sambalpur,OR_Cuttack,OR_Boudh,OR_Sundargarh,OR_Dhenkanal,OR_Subarnapur"}
{"stateid":"OR","districtid":"OR_Deogarh","neighbours":"OR_Sambalpur,OR_Angul,OR_Sundargarh"}
{"stateid":"OR","districtid":"OR_Boudh","neighbours":"OR_Nayagarh,OR_Balangir,OR_Kandhamal,OR_Angul,OR_Subarnapur"}
{"stateid":"OR","districtid":"OR_Nabarangapur","neighbours":"CT_Gariaband,CT_Dhamtari,CT_Kondagaon,OR_Koraput,OR_Kalahandi,CT_Bastar"}
{"stateid":"PB","districtid":"PB_Ludhiana","neighbours":"PB_Sangrur,PB_Rupnagar,PB_Moga,PB_Barnala,PB_FatehgarhSahib,PB_ShahidBhagatSinghNagar,PB_Jalandhar"}
{"stateid":"PB","districtid":"PB_Fatehgarh Sahib","neighbours":"PB_Sangrur,PB_Patiala,PB_Rupnagar,PB_Ludhiana,PB_S.A.S.Nagar"}
{"stateid":"PB","districtid":"PB_Sri Muktsar Sahib","neighbours":"RJ_Hanumangarh,PB_Ferozepur,PB_Fazilka,PB_Faridkot,HR_Sirsa,PB_Bathinda"}
{"stateid":"PB","districtid":"PB_Bathinda","neighbours":"PB_SriMuktsarSahib,PB_Moga,PB_Faridkot,PB_Barnala,HR_Sirsa,PB_Mansa"}
{"stateid":"PB","districtid":"PB_Mansa","neighbours":"PB_Sangrur,HR_Fatehabad,PB_Barnala,HR_Sirsa,PB_Bathinda"}
{"stateid":"PB","districtid":"PB_Sangrur","neighbours":"PB_Patiala,HR_Jind,HR_Fatehabad,PB_Barnala,PB_Ludhiana,PB_FatehgarhSahib,PB_Mansa"}
{"stateid":"PB","districtid":"PB_Patiala","neighbours":"HR_Kurukshetra,PB_Sangrur,HR_Ambala,HR_Jind,HR_Kaithal,PB_FatehgarhSahib,PB_S.A.S.Nagar"}
{"stateid":"PB","districtid":"PB_Amritsar","neighbours":"PB_Kapurthala,PB_TarnTaran,PB_Gurdaspur"}
{"stateid":"PB","districtid":"PB_Jalandhar","neighbours":"PB_Ferozepur,PB_Kapurthala,PB_Hoshiarpur,PB_Moga,PB_Ludhiana,PB_ShahidBhagatSinghNagar"}
{"stateid":"PB","districtid":"PB_S.A.S. Nagar","neighbours":"CH_Chandigarh,HR_Ambala,PB_Patiala,PB_Rupnagar,HP_Solan,PB_FatehgarhSahib,HR_Panchkula"}
{"stateid":"PB","districtid":"PB_Tarn Taran","neighbours":"PB_Amritsar,PB_Ferozepur,PB_Kapurthala"}
{"stateid":"PB","districtid":"PB_Kapurthala","neighbours":"PB_Ferozepur,PB_Hoshiarpur,PB_Gurdaspur,PB_Amritsar,PB_ShahidBhagatSinghNagar,PB_TarnTaran,PB_Jalandhar"}
{"stateid":"PB","districtid":"PB_Fazilka","neighbours":"RJ_Ganganagar,PB_Ferozepur,RJ_Hanumangarh,PB_SriMuktsarSahib"}
{"stateid":"PB","districtid":"PB_Rupnagar","neighbours":"PB_Hoshiarpur,HP_Solan,PB_Ludhiana,PB_FatehgarhSahib,PB_ShahidBhagatSinghNagar,HP_Una,PB_S.A.S.Nagar,CT_Bilaspur"}
{"stateid":"PB","districtid":"PB_Hoshiarpur","neighbours":"PB_Kapurthala,PB_Rupnagar,PB_Gurdaspur,HP_Kangra,PB_ShahidBhagatSinghNagar,HP_Una,PB_Jalandhar"}
{"stateid":"PB","districtid":"PB_Moga","neighbours":"PB_Ferozepur,PB_Faridkot,PB_Barnala,PB_Bathinda,PB_Ludhiana,PB_Jalandhar"}
{"stateid":"PB","districtid":"PB_Ferozepur","neighbours":"PB_Kapurthala,PB_SriMuktsarSahib,PB_Moga,PB_Fazilka,PB_Faridkot,PB_TarnTaran,PB_Jalandhar"}
{"stateid":"PB","districtid":"PB_Faridkot","neighbours":"PB_Moga,PB_Bathinda,PB_Ferozepur,PB_SriMuktsarSahib"}
{"stateid":"PB","districtid":"PB_Pathankot","neighbours":"JK_Kathua,HP_Kangra,PB_Gurdaspur,HP_Chamba"}
{"stateid":"PB","districtid":"PB_Barnala","neighbours":"PB_Sangrur,PB_Moga,PB_Bathinda,PB_Ludhiana,PB_Mansa"}
{"stateid":"PB","districtid":"PB_Shahid Bhagat Singh Nagar","neighbours":"PB_Kapurthala,PB_Hoshiarpur,PB_Rupnagar,PB_Ludhiana,PB_Jalandhar"}
{"stateid":"PB","districtid":"PB_Gurdaspur","neighbours":"PB_Kapurthala,PB_Hoshiarpur,PB_Pathankot,HP_Kangra,PB_Amritsar"}
{"stateid":"PY","districtid":"PY_Karaikal","neighbours":"TN_Nagapattinam,TN_Thiruvarur"}
{"stateid":"PY","districtid":"PY_Mahe","neighbours":"KL_Kozhikode,KL_Kannur"}
{"stateid":"PY","districtid":"PY_Puducherry","neighbours":"TN_Cuddalore,TN_Viluppuram"}
{"stateid":"RJ","districtid":"RJ_Sikar","neighbours":"RJ_Churu,HR_Mahendragarh,RJ_Jhunjhunu,RJ_Jaipur,RJ_Nagaur"}
{"stateid":"RJ","districtid":"RJ_Udaipur","neighbours":"GJ_Sabarkantha,RJ_Chittorgarh,RJ_Rajsamand,GJ_Aravalli,RJ_Pratapgarh,RJ_Sirohi,RJ_Dungarpur,RJ_Pali"}
{"stateid":"RJ","districtid":"RJ_Rajsamand","neighbours":"RJ_Chittorgarh,RJ_Udaipur,RJ_Ajmer,RJ_Bhilwara,RJ_Pali"}
{"stateid":"RJ","districtid":"RJ_Ajmer","neighbours":"RJ_Rajsamand,RJ_Tonk,RJ_Jaipur,RJ_Nagaur,RJ_Bhilwara,RJ_Pali"}
{"stateid":"RJ","districtid":"RJ_Nagaur","neighbours":"RJ_Jodhpur,RJ_Churu,RJ_Sikar,RJ_Jaipur,RJ_Ajmer,RJ_Pali,RJ_Bikaner"}
{"stateid":"RJ","districtid":"RJ_Bikaner","neighbours":"RJ_Jaisalmer,RJ_Hanumangarh,RJ_Jodhpur,RJ_Churu,RJ_Ganganagar,RJ_Nagaur"}
{"stateid":"RJ","districtid":"RJ_Jodhpur","neighbours":"RJ_Jaisalmer,RJ_Barmer,RJ_Nagaur,RJ_Pali,RJ_Bikaner"}
{"stateid":"RJ","districtid":"RJ_Jaisalmer","neighbours":"RJ_Jodhpur,RJ_Barmer,RJ_Bikaner"}
{"stateid":"RJ","districtid":"RJ_Pali","neighbours":"RJ_Jalore,RJ_Jodhpur,RJ_Rajsamand,RJ_Sirohi,RJ_Ajmer,RJ_Nagaur,RJ_Udaipur,RJ_Barmer"}
{"stateid":"RJ","districtid":"RJ_Jalore","neighbours":"GJ_Banaskantha,GJ_Kutch,RJ_Sirohi,RJ_Barmer,RJ_Pali"}
{"stateid":"RJ","districtid":"RJ_Barmer","neighbours":"RJ_Jaisalmer,RJ_Jalore,RJ_Jodhpur,GJ_Kutch,RJ_Pali"}
{"stateid":"RJ","districtid":"RJ_Dungarpur","neighbours":"GJ_Mahisagar,GJ_Aravalli,RJ_Banswara,RJ_Pratapgarh,RJ_Udaipur"}
{"stateid":"RJ","districtid":"RJ_Jaipur","neighbours":"HR_Mahendragarh,RJ_Tonk,RJ_Sikar,RJ_Ajmer,RJ_Nagaur,RJ_Alwar,RJ_Dausa"}
{"stateid":"RJ","districtid":"RJ_Sirohi","neighbours":"GJ_Sabarkantha,RJ_Jalore,GJ_Banaskantha,RJ_Udaipur,RJ_Pali"}
{"stateid":"RJ","districtid":"RJ_Banswara","neighbours":"GJ_Mahisagar,GJ_Dahod,RJ_Pratapgarh,MP_Jhabua,RJ_Dungarpur,MP_Ratlam"}
{"stateid":"RJ","districtid":"RJ_Baran","neighbours":"MP_Shivpuri,MP_Sheopur,RJ_Jhalawar,RJ_Kota,MP_Guna"}
{"stateid":"RJ","districtid":"RJ_Dholpur","neighbours":"UP_Agra,RJ_Bharatpur,MP_Morena,RJ_Karauli"}
{"stateid":"RJ","districtid":"RJ_Ganganagar","neighbours":"RJ_Hanumangarh,PB_Fazilka,RJ_Bikaner"}
{"stateid":"RJ","districtid":"RJ_Hanumangarh","neighbours":"PB_SriMuktsarSahib,RJ_Churu,PB_Fazilka,HR_Hisar,RJ_Ganganagar,HR_Fatehabad,HR_Sirsa,RJ_Bikaner,HR_Bhiwani"}
{"stateid":"RJ","districtid":"RJ_Tonk","neighbours":"RJ_Bundi,RJ_Jaipur,RJ_Ajmer,RJ_Bhilwara,RJ_SawaiMadhopur,RJ_Dausa"}
{"stateid":"RJ","districtid":"RJ_Bhilwara","neighbours":"RJ_Chittorgarh,RJ_Bundi,RJ_Rajsamand,RJ_Tonk,RJ_Ajmer,MP_Neemuch"}
{"stateid":"RJ","districtid":"RJ_Bharatpur","neighbours":"RJ_Dholpur,UP_Agra,UP_Mathura,HR_Nuh,RJ_Karauli,RJ_Alwar,RJ_Dausa"}
{"stateid":"RJ","districtid":"RJ_Dausa","neighbours":"RJ_Bharatpur,RJ_Tonk,RJ_Jaipur,RJ_Karauli,RJ_SawaiMadhopur,RJ_Alwar"}
{"stateid":"RJ","districtid":"RJ_Chittorgarh","neighbours":"RJ_Bundi,RJ_Rajsamand,RJ_Pratapgarh,MP_Mandsaur,RJ_Kota,RJ_Udaipur,RJ_Bhilwara,MP_Neemuch"}
{"stateid":"RJ","districtid":"RJ_Karauli","neighbours":"RJ_Dholpur,RJ_Bharatpur,MP_Sheopur,RJ_SawaiMadhopur,MP_Morena,RJ_Dausa"}
{"stateid":"RJ","districtid":"RJ_Alwar","neighbours":"RJ_Bharatpur,HR_Mahendragarh,RJ_Jaipur,HR_Nuh,HR_Rewari,RJ_Dausa"}
{"stateid":"RJ","districtid":"RJ_Sawai Madhopur","neighbours":"RJ_Bundi,MP_Sheopur,RJ_Tonk,RJ_Karauli,RJ_Kota,RJ_Dausa"}
{"stateid":"RJ","districtid":"RJ_Kota","neighbours":"RJ_Chittorgarh,RJ_Bundi,MP_Sheopur,RJ_Jhalawar,MP_Mandsaur,RJ_Baran,RJ_SawaiMadhopur"}
{"stateid":"RJ","districtid":"RJ_Bundi","neighbours":"RJ_Chittorgarh,RJ_Tonk,RJ_Bhilwara,RJ_SawaiMadhopur,RJ_Kota"}
{"stateid":"RJ","districtid":"RJ_Jhalawar","neighbours":"MP_Mandsaur,RJ_Kota,MP_Rajgarh,RJ_Baran,MP_Ratlam,MP_Guna,MP_AgarMalwa"}
{"stateid":"RJ","districtid":"RJ_Jhunjhunu","neighbours":"RJ_Churu,RJ_Sikar,HR_Mahendragarh,HR_Bhiwani"}
{"stateid":"RJ","districtid":"RJ_Churu","neighbours":"RJ_Hanumangarh,RJ_Jhunjhunu,RJ_Sikar,RJ_Nagaur,RJ_Bikaner,HR_Bhiwani"}
{"stateid":"SK","districtid":"SK_West Sikkim","neighbours":"SK_SouthSikkim,SK_EastSikkim,SK_WestSikkim,SK_NorthSikkim,WB_Darjeeling,SK_SouthSikkim"}
{"stateid":"TG","districtid":"TG_Komaram Bheem","neighbours":"TG_Mancherial,TG_Adilabad,MH_Gadchiroli,TG_Nirmal,MH_Chandrapur"}
{"stateid":"TG","districtid":"TG_Jangaon","neighbours":"TG_Suryapet,TG_WarangalUrban,TG_Siddipet,TG_Mahabubabad,TG_WarangalRural,TG_YadadriBhuvanagiri"}
{"stateid":"TG","districtid":"TG_Hyderabad","neighbours":"TG_MedchalMalkajgiri,TG_RangaReddy"}
{"stateid":"TG","districtid":"TG_Nirmal","neighbours":"TG_Nizamabad,TG_Mancherial,TG_Adilabad,TG_Jagtial,MH_Nanded,TG_KomaramBheem"}
{"stateid":"TG","districtid":"TG_Warangal Urban","neighbours":"TG_JayashankarBhupalapally,TG_Jangaon,TG_Siddipet,TG_WarangalRural,TG_Karimnagar"}
{"stateid":"TG","districtid":"TG_Nalgonda","neighbours":"TG_Nagarkurnool,TG_Suryapet,TG_YadadriBhuvanagiri,TG_RangaReddy,AP_Guntur"}
{"stateid":"TG","districtid":"TG_Medchal Malkajgiri","neighbours":"TG_Medak,TG_Siddipet,TG_Hyderabad,TG_YadadriBhuvanagiri,TG_RangaReddy,TG_Sangareddy"}
{"stateid":"TG","districtid":"TG_Narayanpet","neighbours":"TG_Wanaparthy,KA_Raichur,TG_Mahabubnagar,KA_Kalaburagi,TG_JogulambaGadwal,TG_Vikarabad,TG_YadadriBhuvanagiri"}
{"stateid":"TG","districtid":"TG_Suryapet","neighbours":"TG_Jangaon,AP_Guntur,TG_Mahabubabad,TG_Khammam,TG_YadadriBhuvanagiri,AP_Krishna,TG_Nalgonda"}
{"stateid":"TG","districtid":"TG_Vikarabad","neighbours":"TG_Narayanpet,TG_Mahabubnagar,KA_Kalaburagi,TG_RangaReddy,TG_Sangareddy"}
{"stateid":"TG","districtid":"TG_Jagtial","neighbours":"nizamabad,TG_Mancherial,TG_RajannaSircilla,TG_Nirmal,TG_Karimnagar"}
{"stateid":"TG","districtid":"TG_Khammam","neighbours":"AP_WestGodavari,TG_Suryapet,TG_Mahabubabad,TG_BhadradriKothagudem,AP_Krishna"}
{"stateid":"TN","districtid":"TN_Tiruchirappalli","neighbours":"TN_Salem,TN_Ariyalur,TN_Pudukkottai,TN_Madurai,TN_Thanjavur,TN_Sivaganga,TN_Namakkal,TN_Perambalur,TN_Dindigul,TN_Karur"}
{"stateid":"TN","districtid":"TN_Nilgiris","neighbours":"TN_Erode,TN_Coimbatore,MH_Palghar,KA_Chamarajanagara,KL_Malappuram,KL_Wayanad"}
{"stateid":"TN","districtid":"TN_Kanyakumari","neighbours":"TN_Tirunelveli,KL_Thiruvananthapuram"}
{"stateid":"TN","districtid":"TN_Kancheepuram","neighbours":"TN_Chennai,TN_Vellore,TN_Tiruvannamalai,TN_Thiruvallur,TN_Viluppuram"}
{"stateid":"TN","districtid":"TN_Tirunelveli","neighbours":"KL_Kollam,KL_Thiruvananthapuram,KL_Pathanamthitta,TN_Thoothukkudi,TN_Virudhunagar,TN_Kanyakumari,KL_Idukki"}
{"stateid":"TN","districtid":"TN_Dindigul","neighbours":"TN_Tiruchirappalli,TN_Madurai,TN_Theni,TN_Tiruppur,TN_Karur,KL_Idukki"}
{"stateid":"TN","districtid":"TN_Virudhunagar","neighbours":"TN_Tirunelveli,TN_Theni,KL_Idukki,TN_Madurai,TN_Thoothukkudi,TN_Sivaganga,TN_Ramanathapuram"}
{"stateid":"TN","districtid":"TN_Karur","neighbours":"TN_Erode,TN_Tiruchirappalli,TN_Namakkal,TN_Tiruppur,TN_Dindigul"}
{"stateid":"TN","districtid":"TN_Ramanathapuram","neighbours":"TN_Pudukkottai,TN_Thoothukkudi,TN_Virudhunagar,TN_Sivaganga"}
{"stateid":"TN","districtid":"TN_Coimbatore","neighbours":"TN_Erode,MH_Palghar,KL_Thrissur,KL_Ernakulam,TN_Nilgiris,TN_Tiruppur,KL_Idukki"}
{"stateid":"TN","districtid":"TN_Thiruvallur","neighbours":"TN_Chennai,TN_Vellore,AP_Chittoor,AP_S.P.S.Nellore,TN_Kancheepuram"}
{"stateid":"TN","districtid":"TN_Theni","neighbours":"TN_Madurai,TN_Virudhunagar,TN_Dindigul,KL_Idukki"}
{"stateid":"TN","districtid":"TN_Thanjavur","neighbours":"TN_Thiruvarur,TN_Ariyalur,TN_Pudukkottai,TN_Tiruchirappalli,TN_Cuddalore,TN_Nagapattinam"}
{"stateid":"TN","districtid":"TN_Vellore","neighbours":"TN_Tiruvannamalai,AP_Chittoor,TN_Krishnagiri,TN_Thiruvallur,TN_Kancheepuram"}
{"stateid":"TN","districtid":"TN_Chennai","neighbours":"TN_Kancheepuram,TN_Thiruvallur"}
{"stateid":"TN","districtid":"TN_Pudukkottai","neighbours":"TN_Ramanathapuram,TN_Tiruchirappalli,TN_Thanjavur,TN_Sivaganga"}
{"stateid":"TN","districtid":"TN_Thoothukkudi","neighbours":"TN_Tirunelveli,TN_Virudhunagar,TN_Ramanathapuram"}
{"stateid":"TN","districtid":"TN_Tiruppur","neighbours":"TN_Erode,TN_Coimbatore,TN_Karur,TN_Dindigul,KL_Idukki"}
{"stateid":"TN","districtid":"TN_Sivaganga","neighbours":"TN_Pudukkottai,TN_Tiruchirappalli,TN_Madurai,TN_Virudhunagar,TN_Ramanathapuram"}
{"stateid":"TN","districtid":"TN_Krishnagiri","neighbours":"TN_Vellore,KA_Chamarajanagara,KA_BengaluruRural,TN_Tiruvannamalai,AP_Chittoor,KA_Ramanagara,KA_Kolar,TN_Dharmapuri,KA_BengaluruUrban"}
{"stateid":"TN","districtid":"TN_Salem","neighbours":"TN_Erode,KA_Chamarajanagara,TN_Kallakurichi,TN_Tiruchirappalli,TN_Dharmapuri,TN_Namakkal,TN_Perambalur"}
{"stateid":"TN","districtid":"TN_Namakkal","neighbours":"TN_Erode,TN_Salem,TN_Tiruchirappalli,TN_Karur"}
{"stateid":"TN","districtid":"TN_Dharmapuri","neighbours":"TN_Erode,TN_Salem,TN_Tiruvannamalai,TN_Kallakurichi,KA_Chamarajanagara,TN_Krishnagiri"}
{"stateid":"TN","districtid":"TN_Erode","neighbours":"TN_Coimbatore,TN_Salem,KA_Chamarajanagara,TN_Nilgiris,TN_Dharmapuri,TN_Namakkal,TN_Tiruppur,TN_Karur"}
{"stateid":"TN","districtid":"TN_Madurai","neighbours":"TN_Sivaganga,TN_Tiruchirappalli,TN_Virudhunagar,TN_Theni,TN_Dindigul"}
{"stateid":"TN","districtid":"TN_Viluppuram","neighbours":"TN_Tiruvannamalai,TN_Kallakurichi,PY_Puducherry,TN_Cuddalore,TN_Kancheepuram"}
{"stateid":"TN","districtid":"TN_Nagapattinam","neighbours":"TN_Thiruvarur,TN_Cuddalore,TN_Thanjavur,PY_Karaikal"}
{"stateid":"TN","districtid":"TN_Cuddalore","neighbours":"TN_Kallakurichi,TN_Ariyalur,PY_Puducherry,TN_Thanjavur,TN_Nagapattinam,TN_Viluppuram,TN_Perambalur"}
{"stateid":"TN","districtid":"TN_Thiruvarur","neighbours":"TN_Nagapattinam,TN_Thanjavur,PY_Karaikal"}
{"stateid":"TN","districtid":"TN_Tiruvannamalai","neighbours":"TN_Vellore,TN_Kallakurichi,TN_Krishnagiri,TN_Dharmapuri,TN_Kancheepuram,TN_Viluppuram"}
{"stateid":"TN","districtid":"TN_Ariyalur","neighbours":"TN_Tiruchirappalli,TN_Cuddalore,TN_Thanjavur,TN_Perambalur"}
{"stateid":"TN","districtid":"TN_Kallakurichi","neighbours":"TN_Salem,TN_Tiruvannamalai,TN_Cuddalore,TN_Dharmapuri,TN_Viluppuram,TN_Perambalur"}
{"stateid":"TN","districtid":"TN_Perambalur","neighbours":"TN_Salem,TN_Kallakurichi,TN_Ariyalur,TN_Tiruchirappalli,TN_Cuddalore"}
{"stateid":"TR","districtid":"TR_Khowai","neighbours":"TR_Sipahijala,TR_WestTripura,TR_Gomati,TR_Dhalai"}
{"stateid":"TR","districtid":"TR_Dhalai","neighbours":"TR_Khowai,TR_Unokoti,TR_Gomati,TR_NorthTripura"}
{"stateid":"TR","districtid":"TR_North Tripura","neighbours":"TR_Dhalai,TR_Sipahijala,MZ_Mamit,TR_Unokoti,AS_Karimganj,TR_Gomati,TR_Sipahijala,TR_Khowai"}
{"stateid":"TR","districtid":"TR_Gomati","neighbours":"TR_Khowai,TR_Sipahijala,TR_SouthTripura,TR_Dhalai"}
{"stateid":"TR","districtid":"TR_Unokoti","neighbours":"TR_Dhalai,TR_NorthTripura"}
{"stateid":"TR","districtid":"TR_Sipahijala","neighbours":"TR_Khowai,TR_WestTripura,TR_SouthTripura,TR_Gomati"}
{"stateid":"UP","districtid":"UP_Sultanpur","neighbours":"UP_AmbedkarNagar,RJ_Pratapgarh,UP_Azamgarh,UP_Jaunpur,UP_Amethi,UP_Ayodhya"}
{"stateid":"UP","districtid":"UP_Etah","neighbours":"UP_Kasganj,UP_Farrukhabad,UP_Agra,UP_Mainpuri,UP_Hathras,UP_Firozabad"}
{"stateid":"UP","districtid":"UP_Hapur","neighbours":"UP_Bulandshahr,UP_Amroha,UP_GautamBuddhaNagar,UP_Ghaziabad,UP_Meerut"}
{"stateid":"UP","districtid":"UP_Aligarh","neighbours":"UP_Bulandshahr,HR_Palwal,UP_Kasganj,UP_Budaun,UP_Mathura,UP_Hathras,UP_Sambhal,UP_GautamBuddhaNagar"}
{"stateid":"UP","districtid":"UP_Bulandshahr","neighbours":"UP_GautamBuddhaNagar,UP_Sambhal,UP_Amroha,UP_Aligarh,UP_Hapur"}
{"stateid":"UP","districtid":"UP_Sambhal","neighbours":"UP_Bulandshahr,UP_Budaun,UP_Moradabad,UP_Amroha,UP_Aligarh"}
{"stateid":"UP","districtid":"UP_Hathras","neighbours":"UP_Kasganj,UP_Agra,UP_Etah,UP_Mathura,UP_Aligarh"}
{"stateid":"UP","districtid":"UP_Budaun","neighbours":"UP_Rampur,UP_Kasganj,UP_Farrukhabad,UP_Moradabad,UP_Shahjahanpur,UP_Sambhal,UP_Bareilly,UP_Aligarh"}
{"stateid":"UP","districtid":"UP_Kasganj","neighbours":"UP_Budaun,UP_Farrukhabad,UP_Etah,UP_Hathras,UP_Aligarh"}
{"stateid":"UP","districtid":"UP_Amroha","neighbours":"UP_Bulandshahr,UP_Moradabad,UP_Bijnor,UP_Sambhal,UP_Hapur,UP_Meerut"}
{"stateid":"UP","districtid":"UP_Shahjahanpur","neighbours":"UP_Budaun,UP_Farrukhabad,UP_LakhimpurKheri,UP_Pilibhit,UP_Bareilly,UP_Hardoi"}
{"stateid":"UP","districtid":"UP_Etawah","neighbours":"UP_Kannauj,MP_Bhind,UP_Auraiya,UP_Agra,UP_Jalaun,UP_Mainpuri,UP_Firozabad"}
{"stateid":"UP","districtid":"UP_Farrukhabad","neighbours":"UP_Kannauj,UP_Kasganj,UP_Budaun,UP_Shahjahanpur,UP_Etah,UP_Mainpuri,UP_Hardoi"}
{"stateid":"UP","districtid":"UP_Mainpuri","neighbours":"UP_Kannauj,UP_Etawah,UP_Farrukhabad,UP_Etah,UP_Firozabad"}
{"stateid":"UP","districtid":"UP_Kannauj","neighbours":"UP_KanpurDehat,UP_Etawah,UP_Auraiya,UP_Farrukhabad,UP_KanpurNagar,UP_Mainpuri,UP_Hardoi"}
{"stateid":"UP","districtid":"UP_Lakhimpur Kheri","neighbours":"UP_Shahjahanpur,UP_Sitapur,UP_Pilibhit,UP_Hardoi,UP_Bahraich"}
{"stateid":"UP","districtid":"UP_Bahraich","neighbours":"UP_LakhimpurKheri,UP_Sitapur,UP_Barabanki,UP_Gonda,UP_Shrawasti"}
{"stateid":"UP","districtid":"UP_Shrawasti","neighbours":"CT_Balrampur,UP_Bahraich,UP_Gonda"}
{"stateid":"UP","districtid":"UP_Firozabad","neighbours":"UP_Agra,UP_Mainpuri,UP_Etawah,UP_Etah"}
{"stateid":"UP","districtid":"UP_Sitapur","neighbours":"UP_LakhimpurKheri,UP_Barabanki,UP_Hardoi,UP_Lucknow,UP_Bahraich"}
{"stateid":"UP","districtid":"UP_Meerut","neighbours":"UP_Baghpat,UP_Bijnor,UP_Muzaffarnagar,UP_Amroha,UP_Ghaziabad,UP_Hapur"}
{"stateid":"UP","districtid":"UP_Mathura","neighbours":"HR_Palwal,UP_Agra,RJ_Bharatpur,UP_Hathras,HR_Nuh,UP_Aligarh"}
{"stateid":"UP","districtid":"UP_Saharanpur","neighbours":"HR_Karnal,UP_Muzaffarnagar,UP_Shamli,HR_Yamunanagar,UT_Haridwar,HP_Sirmaur,UT_Dehradun"}
{"stateid":"UP","districtid":"UP_Bijnor","neighbours":"UP_Moradabad,UP_Muzaffarnagar,UP_Amroha,UT_Nainital,UT_UdhamSinghNagar,UP_Meerut,UT_PauriGarhwal,UT_Haridwar"}
{"stateid":"UP","districtid":"UP_Bareilly","neighbours":"UP_Rampur,UP_Budaun,UP_Shahjahanpur,UP_Pilibhit,UT_UdhamSinghNagar"}
{"stateid":"UP","districtid":"UP_Moradabad","neighbours":"UP_Rampur,UP_Budaun,UP_Bijnor,UP_Amroha,UP_Sambhal,UT_UdhamSinghNagar"}
{"stateid":"UP","districtid":"UP_Rampur","neighbours":"UP_Moradabad,UP_Bareilly,UT_UdhamSinghNagar,UP_Budaun"}
{"stateid":"UP","districtid":"UP_Pilibhit","neighbours":"UP_Bareilly,UT_UdhamSinghNagar,UP_LakhimpurKheri,UP_Shahjahanpur"}
{"stateid":"UP","districtid":"UP_Muzaffarnagar","neighbours":"UP_Baghpat,UP_Bijnor,UP_Shamli,UP_Saharanpur,UP_Meerut,UT_Haridwar"}
{"stateid":"UP","districtid":"UP_Agra","neighbours":"RJ_Dholpur,UP_Etawah,MP_Bhind,RJ_Bharatpur,UP_Etah,UP_Mathura,UP_Hathras,UP_Firozabad,MP_Morena"}
{"stateid":"UP","districtid":"UP_Unnao","neighbours":"UP_Fatehpur,UP_KanpurNagar,UP_RaeBareli,UP_Hardoi,UP_Lucknow"}
{"stateid":"UP","districtid":"UP_Lucknow","neighbours":"UP_Sitapur,UP_Barabanki,UP_RaeBareli,UP_Hardoi,UP_Unnao"}
{"stateid":"UP","districtid":"UP_Fatehpur","neighbours":"UP_Chitrakoot,RJ_Pratapgarh,UP_Kaushambi,UP_KanpurNagar,UP_Banda,UP_RaeBareli,UP_Unnao,HP_Hamirpur"}
{"stateid":"UP","districtid":"UP_Rae Bareli","neighbours":"RJ_Pratapgarh,UP_Fatehpur,UP_Kaushambi,UP_Barabanki,UP_Amethi,UP_Lucknow,UP_Unnao"}
{"stateid":"UP","districtid":"UP_Gautam Buddha Nagar","neighbours":"UP_Bulandshahr,DL_SouthEastDelhi,HR_Palwal,DL_EastDelhi,HR_Faridabad,UP_Aligarh,UP_Ghaziabad,UP_Hapur"}
{"stateid":"UP","districtid":"UP_Ghaziabad","neighbours":"UP_Baghpat,DL_NorthEastDelhi,DL_EastDelhi,DL_Shahdara,DL_NorthDelhi,UP_GautamBuddhaNagar,UP_Hapur,UP_Meerut"}
{"stateid":"UP","districtid":"UP_Baghpat","neighbours":"UP_Muzaffarnagar,HR_Sonipat,UP_Shamli,DL_NorthDelhi,HR_Panipat,UP_Meerut,UP_Ghaziabad"}
{"stateid":"UP","districtid":"UP_Shamli","neighbours":"UP_Baghpat,HR_Karnal,UP_Muzaffarnagar,UP_Saharanpur,HR_Panipat"}
{"stateid":"UP","districtid":"UP_Hardoi","neighbours":"UP_Kannauj,UP_Farrukhabad,UP_Shahjahanpur,UP_LakhimpurKheri,UP_KanpurNagar,UP_Sitapur,UP_Lucknow,UP_Unnao"}
{"stateid":"UP","districtid":"UP_Barabanki","neighbours":"UP_Gonda,UP_Sitapur,UP_RaeBareli,UP_Amethi,UP_Ayodhya,UP_Lucknow,UP_Bahraich"}
{"stateid":"UP","districtid":"UP_Kanpur Nagar","neighbours":"UP_Kannauj,UP_KanpurDehat,UP_Unnao,UP_Auraiya,UP_Jalaun,UP_Fatehpur,UP_KanpurNagar,UP_Hardoi,HP_Hamirpur"}
{"stateid":"UP","districtid":"UP_Siddharthnagar","neighbours":"CT_Balrampur,UP_Maharajganj,UP_Gorakhpur,UP_Gonda,UP_Basti,UP_SantKabirNagar"}
{"stateid":"UP","districtid":"UP_Gonda","neighbours":"CT_Balrampur,UP_Siddharthnagar,UP_Ayodhya,UP_Barabanki,UP_Basti,UP_Bahraich,UP_Shrawasti"}
{"stateid":"UP","districtid":"UP_Sonbhadra","neighbours":"CT_Balrampur,MP_Singrauli,UP_Chandauli,JH_Garhwa,BR_Rohtas,BR_Kaimur,UP_Mirzapur"}
{"stateid":"UP","districtid":"UP_Varanasi","neighbours":"UP_Ghazipur,UP_Bhadohi,UP_Chandauli,UP_Jaunpur,UP_Mirzapur"}
{"stateid":"UP","districtid":"UP_Chandauli","neighbours":"UP_Ghazipur,UP_Varanasi,UP_Sonbhadra,BR_Kaimur,UP_Mirzapur"}
{"stateid":"UP","districtid":"UP_Ballia","neighbours":"UP_Ghazipur,BR_Saran,UP_Mau,BR_Buxar,BR_Bhojpur,UP_Deoria,BR_Siwan"}
{"stateid":"UP","districtid":"UP_Mau","neighbours":"UP_Ghazipur,UP_Gorakhpur,UP_Ballia,UP_Azamgarh,UP_Deoria"}
{"stateid":"UP","districtid":"UP_Ghazipur","neighbours":"UP_Varanasi,UP_Ballia,UP_Mau,UP_Chandauli,BR_Buxar,UP_Azamgarh,UP_Jaunpur,BR_Kaimur"}
{"stateid":"UP","districtid":"UP_Azamgarh","neighbours":"UP_Ghazipur,UP_AmbedkarNagar,UP_Gorakhpur,UP_Mau,UP_Jaunpur,UP_Sultanpur"}
{"stateid":"UP","districtid":"UP_Mirzapur","neighbours":"MP_Rewa,MP_Singrauli,UP_Varanasi,UP_Bhadohi,UP_Prayagraj,UP_Chandauli,UP_Sonbhadra"}
{"stateid":"UP","districtid":"UP_Jaunpur","neighbours":"UP_Ghazipur,RJ_Pratapgarh,UP_Varanasi,UP_Bhadohi,UP_Prayagraj,UP_Azamgarh,UP_Sultanpur"}
{"stateid":"UP","districtid":"UP_Prayagraj","neighbours":"MP_Rewa,UP_Chitrakoot,RJ_Pratapgarh,UP_Bhadohi,UP_Kaushambi,UP_Jaunpur,UP_Mirzapur"}
{"stateid":"UP","districtid":"UP_Chitrakoot","neighbours":"MP_Rewa,MP_Satna,UP_Prayagraj,UP_Fatehpur,UP_Kaushambi,UP_Banda"}
{"stateid":"UP","districtid":"UP_Kaushambi","neighbours":"UP_Chitrakoot,RJ_Pratapgarh,UP_Prayagraj,UP_Fatehpur,UP_RaeBareli"}
{"stateid":"UP","districtid":"UP_Banda","neighbours":"UP_Chitrakoot,MP_Satna,MP_Chhatarpur,MP_Panna,UP_Mahoba,UP_Fatehpur,HP_Hamirpur"}
{"stateid":"UP","districtid":"UP_Bhadohi","neighbours":"UP_Varanasi,UP_Jaunpur,UP_Prayagraj,UP_Mirzapur"}
{"stateid":"UP","districtid":"UP_Amethi","neighbours":"RJ_Pratapgarh,UP_Barabanki,UP_RaeBareli,UP_Ayodhya,UP_Sultanpur"}
{"stateid":"UP","districtid":"UP_Maharajganj","neighbours":"UP_Kushinagar,BR_WestChamparan,UP_Siddharthnagar,UP_Gorakhpur"}
{"stateid":"UP","districtid":"UP_Ambedkar Nagar","neighbours":"UP_Gorakhpur,UP_Ayodhya,UP_Azamgarh,UP_Basti,UP_Sultanpur,UP_SantKabirNagar"}
{"stateid":"UP","districtid":"UP_Basti","neighbours":"UP_AmbedkarNagar,UP_Siddharthnagar,UP_Gonda,UP_Ayodhya,UP_SantKabirNagar"}
{"stateid":"UP","districtid":"UP_Gorakhpur","neighbours":"UP_Kushinagar,UP_AmbedkarNagar,UP_Maharajganj,UP_Siddharthnagar,UP_Mau,UP_Azamgarh,UP_Deoria,UP_SantKabirNagar"}
{"stateid":"UP","districtid":"UP_Sant Kabir Nagar","neighbours":"UP_Basti,UP_AmbedkarNagar,UP_Gorakhpur,UP_Siddharthnagar"}
{"stateid":"UP","districtid":"UP_Kushinagar","neighbours":"BR_Gopalganj,UP_Maharajganj,BR_WestChamparan,UP_Gorakhpur,UP_Deoria"}
{"stateid":"UP","districtid":"UP_Auraiya","neighbours":"UP_Jalaun,UP_Kannauj,UP_KanpurDehat,UP_Etawah"}
{"stateid":"UP","districtid":"UP_Deoria","neighbours":"BR_Gopalganj,UP_Kushinagar,UP_Gorakhpur,UP_Ballia,UP_Mau,BR_Siwan"}
{"stateid":"UP","districtid":"UP_Jhansi","neighbours":"MP_Shivpuri,MP_Bhind,MP_Tikamgarh,UP_Jalaun,MP_Chhatarpur,UP_Lalitpur,UP_Mahoba,MP_Datia,MP_Niwari,HP_Hamirpur"}
{"stateid":"UP","districtid":"UP_Lalitpur","neighbours":"MP_Shivpuri,MP_Tikamgarh,MP_Chhatarpur,MP_Datia,MP_Ashoknagar,MP_Niwari,UP_Jhansi,MP_Sagar"}
{"stateid":"UP","districtid":"UP_Mahoba","neighbours":"MP_Chhatarpur,HP_Hamirpur,UP_Banda,UP_Jhansi"}
{"stateid":"UP","districtid":"UP_Ayodhya","neighbours":"UP_AmbedkarNagar,UP_Gonda,UP_Barabanki,UP_Amethi,UP_Basti,UP_Sultanpur"}
{"stateid":"UP","districtid":"UP_Jalaun","neighbours":"UP_KanpurDehat,UP_Etawah,MP_Bhind,UP_Auraiya,UP_Jhansi,HP_Hamirpur"}
{"stateid":"UT","districtid":"UT_Pauri Garhwal","neighbours":"UT_TehriGarhwal,UP_Bijnor,UT_Almora,UT_Dehradun,UT_Nainital,UT_Haridwar,UT_Rudraprayag,UT_Chamoli"}
{"stateid":"UT","districtid":"UT_Haridwar","neighbours":"UP_Bijnor,UP_Muzaffarnagar,UP_Saharanpur,UT_PauriGarhwal,UT_Dehradun"}
{"stateid":"UT","districtid":"UT_Udham Singh Nagar","neighbours":"UP_Rampur,UP_Moradabad,UP_Bijnor,UT_Champawat,UT_Nainital,UP_Pilibhit,UP_Bareilly"}
{"stateid":"UT","districtid":"UT_Nainital","neighbours":"UP_Bijnor,UT_Champawat,UT_Almora,UT_UdhamSinghNagar,UT_PauriGarhwal"}
{"stateid":"UT","districtid":"UT_Champawat","neighbours":"UT_UdhamSinghNagar,UT_Nainital,UT_Pithoragarh,UT_Almora"}
{"stateid":"UT","districtid":"UT_Almora","neighbours":"UT_Bageshwar,UT_Champawat,UT_Pithoragarh,UT_Nainital,UT_PauriGarhwal,UT_Chamoli"}
{"stateid":"UT","districtid":"UT_Dehradun","neighbours":"UT_TehriGarhwal,UT_Uttarkashi,UP_Saharanpur,UT_Haridwar,HP_Shimla,UT_PauriGarhwal,HP_Sirmaur"}
{"stateid":"UT","districtid":"UT_Tehri Garhwal","neighbours":"UT_Uttarkashi,UT_Rudraprayag,UT_PauriGarhwal,UT_Dehradun"}
{"stateid":"UT","districtid":"UT_Rudraprayag","neighbours":"UT_Uttarkashi,UT_TehriGarhwal,UT_PauriGarhwal,UT_Chamoli"}
{"stateid":"UT","districtid":"UT_Chamoli","neighbours":"UT_Bageshwar,UT_Pithoragarh,UT_Almora,UT_Uttarkashi,UT_Rudraprayag,UT_PauriGarhwal"}
{"stateid":"UT","districtid":"UT_Uttarkashi","neighbours":"UT_Chamoli,UT_TehriGarhwal,HP_Kinnaur,UT_Rudraprayag,HP_Shimla,UT_Dehradun"}
{"stateid":"UT","districtid":"UT_Pithoragarh","neighbours":"UT_Bageshwar,UT_Champawat,UT_Almora,UT_Chamoli"}
{"stateid":"WB","districtid":"WB_Purulia","neighbours":"JH_Ramgarh,WB_PaschimBardhaman,WB_Jhargram,JH_Bokaro,JH_Ranchi,WB_Bankura,JH_Saraikela-Kharsawan,JH_EastSinghbhum,JH_Dhanbad"}
{"stateid":"WB","districtid":"WB_North 24 Parganas","neighbours":"WB_North24Parganas,WB_South24Parganas,WB_Howrah,WB_Nadia,WB_Kolkata,WB_Hooghly,WB_PurbaMedinipur"}
{"stateid":"WB","districtid":"WB_Howrah","neighbours":"WB_PaschimMedinipur,WB_North24Parganas,WB_South24Parganas,WB_Kolkata,WB_Hooghly,WB_PurbaMedinipur"}
{"stateid":"WB","districtid":"WB_Paschim Medinipur","neighbours":"UT_Bageshwar,WB_Jhargram,WB_Bankura,WB_Howrah,WB_Hooghly,WB_PurbaMedinipur"}
{"stateid":"WB","districtid":"WB_Purba Bardhaman","neighbours":"WB_PaschimBardhaman,WB_Birbhum,WB_Murshidabad,WB_Bankura,WB_Nadia,WB_Hooghly"}
{"stateid":"WB","districtid":"WB_Kolkata","neighbours":"WB_South24Parganas,WB_North24Parganas,WB_Howrah"}
{"stateid":"WB","districtid":"WB_Purba Medinipur","neighbours":"UT_Bageshwar,WB_South24Parganas,WB_PaschimMedinipur,WB_Howrah"}
{"stateid":"WB","districtid":"WB_Birbhum","neighbours":"WB_PaschimBardhaman,JH_Dumka,JH_Pakur,WB_Murshidabad,JH_Jamtara,WB_PurbaBardhaman"}
{"stateid":"WB","districtid":"WB_Murshidabad","neighbours":"JH_Pakur,WB_Birbhum,JH_Sahibganj,WB_Nadia,WB_Malda,WB_PurbaBardhaman"}
{"stateid":"WB","districtid":"WB_Malda","neighbours":"WB_DakshinDinajpur,WB_Murshidabad,BR_Katihar,WB_UttarDinajpur,JH_Sahibganj"}
{"stateid":"WB","districtid":"WB_Uttar Dinajpur","neighbours":"WB_DakshinDinajpur,BR_Kishanganj,BR_Purnia,BR_Katihar,WB_Malda,WB_Darjeeling"}
{"stateid":"WB","districtid":"WB_Dakshin Dinajpur","neighbours":"WB_Malda,WB_UttarDinajpur"}
{"stateid":"WB","districtid":"WB_Bankura","neighbours":"WB_PaschimBardhaman,WB_Jhargram,WB_PaschimMedinipur,WB_Purulia,WB_Hooghly,WB_PurbaBardhaman"}
{"stateid":"WB","districtid":"WB_Kalimpong","neighbours":"SK_EastSikkim,SK_SouthSikkim,WB_Darjeeling,WB_Jalpaiguri"}
{"stateid":"WB","districtid":"WB_Darjeeling","neighbours":"BR_Kishanganj,WB_Kalimpong,SK_SouthSikkim,SK_WestSikkim,WB_Jalpaiguri,WB_UttarDinajpur"}
{"stateid":"WB","districtid":"WB_Cooch Behar","neighbours":"AS_Dhubri,WB_Alipurduar,AS_Kokrajhar,WB_Jalpaiguri"}
{"stateid":"WB","districtid":"WB_Jalpaiguri","neighbours":"WB_Kalimpong,WB_CoochBehar,WB_Darjeeling,WB_Alipurduar"}
{"stateid":"WB","districtid":"WB_Paschim Bardhaman","neighbours":"WB_Birbhum,WB_Purulia,WB_Bankura,JH_Jamtara,WB_PurbaBardhaman,JH_Dhanbad"}
{"stateid":"WB","districtid":"WB_Nadia","neighbours":"WB_Hooghly,WB_PurbaBardhaman,WB_North24Parganas,WB_Murshidabad"}
{"stateid":"WB","districtid":"WB_Hooghly","neighbours":"WB_PaschimMedinipur,WB_North24Parganas,WB_Bankura,WB_Howrah,WB_Nadia,WB_PurbaBardhaman"}
{"stateid":"WB","districtid":"WB_Alipurduar","neighbours":"AS_Kokrajhar,WB_CoochBehar,WB_Jalpaiguri"}
{"stateid":"WB","districtid":"WB_Jhargram","neighbours":"UT_Bageshwar,WB_PaschimMedinipur,OR_Mayurbhanj,WB_Purulia,WB_Bankura,JH_EastSinghbhum"}
