districtid,dose1,dose2
AN_Nicobars,22081.0,8110.0
AN_North and Middle Andaman,68043.0,29281.0
AN_South Andaman,142585.0,59896.0
AP_Anantapur,1364374.0,597346.0
AP_Chittoor,1565591.0,640864.0
AP_East Godavari,1927490.0,552473.0
AP_Guntur,1758535.0,592441.0
AP_Krishna,1756261.0,557589.0
AP_Kurnool,1242692.0,492628.0
AP_Prakasam,1231912.0,515791.0
AP_S.P.S. Nellore,1158076.0,528689.0
AP_Srikakulam,1028569.0,336972.0
AP_Visakhapatnam,1875574.0,623159.0
AP_Vizianagaram,921086.0,220017.0
AP_West Godavari,1642547.0,431963.0
AP_Y.S.R. Kadapa,1043434.0,395280.0
AR_Anjaw,10922.0,2549.0
AR_Changlang,75590.0,16906.0
AR_East Kameng,20421.0,6183.0
AR_East Siang,51321.0,16080.0
AR_Kamle,6199.0,1537.0
AR_Kra Daadi,5837.0,1741.0
AR_Kurung Kumey,8574.0,2847.0
AR_Lepa Rada,12956.0,4959.0
AR_Lohit,27886.0,6710.0
AR_Longding,17969.0,3265.0
AR_Lower Dibang Valley,29726.0,8102.0
AR_Lower Siang,15692.0,4567.0
AR_Lower Subansiri,24812.0,8151.0
AR_Namsai,57846.0,12607.0
AR_Pakke Kessang,7668.0,2984.0
AR_Papum Pare,28245.0,9726.0
AR_Shi Yomi,6719.0,2298.0
AR_Siang,13877.0,4273.0
AR_Tawang,27675.0,9166.0
AR_Tirap,29015.0,5633.0
AR_Upper Dibang Valley,3915.0,1234.0
AR_Upper Siang,17475.0,6358.0
AR_Upper Subansiri,23099.0,7267.0
AR_West Kameng,49879.0,13683.0
AR_West Siang,32647.0,12316.0
AS_Baksa,263822.0,43318.0
AS_Barpeta,503553.0,133271.0
AS_Biswanath,342059.0,50926.0
AS_Bongaigaon,269597.0,57107.0
AS_Cachar,489044.0,101114.0
AS_Charaideo,199865.0,31684.0
AS_Chirang,151312.0,32751.0
AS_Darrang,280728.0,57463.0
AS_Dhemaji,279226.0,56455.0
AS_Dhubri,328637.0,73776.0
AS_Dibrugarh,556467.0,138516.0
AS_Dima Hasao,81926.0,21625.0
AS_Goalpara,293385.0,53550.0
AS_Golaghat,489257.0,88744.0
AS_Hailakandi,235569.0,43931.0
AS_Hojai,306933.0,68878.0
AS_Jorhat,503031.0,100117.0
AS_Kamrup,607960.0,144232.0
AS_Kamrup Metropolitan,1021908.0,312364.0
AS_Karbi Anglong,149963.0,37250.0
AS_Karimganj,283443.0,60499.0
AS_Kokrajhar,261219.0,51130.0
AS_Lakhimpur,437664.0,71887.0
AS_Majuli,102129.0,28372.0
AS_Morigaon,353676.0,51176.0
AS_Nagaon,607354.0,132272.0
AS_Nalbari,266558.0,51355.0
AS_Sivasagar,348789.0,65529.0
AS_Sonitpur,569789.0,135581.0
AS_South Salmara Mankachar,147101.0,8487.0
AS_Tinsukia,402046.0,81923.0
AS_Udalguri,221841.0,44498.0
AS_West Karbi Anglong,74202.0,13119.0
BR_Araria,567117.0,103824.0
BR_Arwal,213962.0,28476.0
BR_Aurangabad,541455.0,71363.0
BR_Banka,487527.0,77742.0
BR_Begusarai,713926.0,112529.0
BR_Bhagalpur,894035.0,170988.0
BR_Bhojpur,596080.0,99551.0
BR_Buxar,412175.0,75792.0
BR_Darbhanga,977344.0,185612.0
BR_East Champaran,1182584.0,207812.0
BR_Gaya,956039.0,202428.0
BR_Gopalganj,535391.0,84542.0
BR_Jamui,385107.0,59472.0
BR_Jehanabad,282961.0,53212.0
BR_Kaimur,343454.0,45740.0
BR_Katihar,626223.0,89975.0
BR_Khagaria,366765.0,56768.0
BR_Kishanganj,336450.0,50253.0
BR_Lakhisarai,221035.0,33930.0
BR_Madhepura,413567.0,70339.0
BR_Madhubani,948197.0,186667.0
BR_Munger,382065.0,64451.0
BR_Muzaffarpur,1067700.0,193496.0
BR_Nalanda,769782.0,169833.0
BR_Nawada,487326.0,84583.0
BR_Patna,2510147.0,855821.0
BR_Purnia,829600.0,163272.0
BR_Rohtas,673227.0,110046.0
BR_Saharsa,425804.0,77479.0
BR_Samastipur,963863.0,176117.0
BR_Saran,1034080.0,212980.0
BR_Sheikhpura,166526.0,29858.0
BR_Sheohar,169238.0,38021.0
BR_Sitamarhi,722754.0,121124.0
BR_Siwan,908868.0,181050.0
BR_Supaul,457336.0,78453.0
BR_Vaishali,785921.0,137158.0
BR_West Champaran,811747.0,98510.0
CH_Chandigarh,733579.0,244351.0
CT_Balod,340468.0,104541.0
CT_Baloda Bazar,346166.0,84677.0
CT_Balrampur,194776.0,39958.0
CT_Bametara,178460.0,44883.0
CT_Bastar,269727.0,70849.0
CT_Bijapur,79453.0,28074.0
CT_Bilaspur,576150.0,192418.0
CT_Dakshin Bastar Dantewada,111700.0,35220.0
CT_Dhamtari,310503.0,91399.0
CT_Durg,612155.0,258651.0
CT_Gariaband,167276.0,39250.0
CT_Gaurela Pendra Marwahi,110668.0,22823.0
CT_Janjgir Champa,449745.0,131719.0
CT_Jashpur,261734.0,65103.0
CT_Kabeerdham,256111.0,63224.0
CT_Kondagaon,170183.0,32747.0
CT_Korba,418071.0,123357.0
CT_Koriya,182023.0,47728.0
CT_Mahasamund,462204.0,144523.0
CT_Mungeli,194402.0,50053.0
CT_Narayanpur,34817.0,11993.0
CT_Raigarh,900766.0,270605.0
CT_Raipur,1156518.0,394988.0
CT_Rajnandgaon,684394.0,170975.0
CT_Sukma,106266.0,33333.0
CT_Surajpur,229363.0,49171.0
CT_Surguja,334150.0,101524.0
CT_Uttar Bastar Kanker,245262.0,72095.0
DL_Central Delhi,818553.0,307826.0
DL_East Delhi,640252.0,239209.0
DL_New Delhi,648056.0,320117.0
DL_North Delhi,664394.0,226801.0
DL_North East Delhi,521929.0,164757.0
DL_North West Delhi,958245.0,388152.0
DL_Shahdara,562883.0,219941.0
DL_South Delhi,905028.0,343579.0
DL_South East Delhi,787012.0,309115.0
DL_South West Delhi,903744.0,366120.0
DL_West Delhi,840906.0,379384.0
DN_Dadra and Nagar Haveli,349660.0,41505.0
DN_Daman,210798.0,35274.0
DN_Diu,37922.0,13642.0
GA_North Goa,528276.0,158303.0
GA_South Goa,584539.0,171606.0
GJ_Ahmedabad,3270942.0,1017661.0
GJ_Amreli,613704.0,221915.0
GJ_Anand,941889.0,300552.0
GJ_Aravalli,486722.0,181254.0
GJ_Banaskantha,1351811.0,489198.0
GJ_Bharuch,828098.0,223145.0
GJ_Bhavnagar,333253.0,132710.0
GJ_Botad,299375.0,61961.0
GJ_Chhota Udaipur,431915.0,153733.0
GJ_Dahod,733809.0,355177.0
GJ_Dang,69744.0,17846.0
GJ_Devbhumi Dwarka,407654.0,136967.0
GJ_Gandhinagar,320630.0,101494.0
GJ_Gir Somnath,539065.0,145611.0
GJ_Jamnagar,339373.0,114645.0
GJ_Junagadh,186763.0,68904.0
GJ_Kheda,889255.0,267484.0
GJ_Kutch,939684.0,265734.0
GJ_Mahisagar,441590.0,221624.0
GJ_Mehsana,970192.0,356885.0
GJ_Morbi,432833.0,103388.0
GJ_Narmada,293108.0,118086.0
GJ_Navsari,635674.0,229345.0
GJ_Panchmahal,679468.0,223003.0
GJ_Patan,570006.0,182788.0
GJ_Porbandar,320244.0,129120.0
GJ_Rajkot,936246.0,327298.0
GJ_Sabarkantha,700217.0,215686.0
GJ_Surat,2494141.0,782548.0
GJ_Surendranagar,753625.0,134571.0
GJ_Tapi,360557.0,107999.0
GJ_Vadodara,1245976.0,450272.0
GJ_Valsad,762723.0,269206.0
HP_Bilaspur,289995.0,100084.0
HP_Chamba,305027.0,82432.0
HP_Hamirpur,358566.0,134460.0
HP_Kangra,1062430.0,332518.0
HP_Kinnaur,74065.0,22933.0
HP_Kullu,295658.0,87375.0
HP_Lahaul and Spiti,26939.0,8661.0
HP_Mandi,688121.0,233717.0
HP_Shimla,561724.0,189175.0
HP_Sirmaur,327619.0,74356.0
HP_Solan,563827.0,120837.0
HP_Una,396818.0,127147.0
HR_Ambala,648861.0,256730.0
HR_Bhiwani,421560.0,103054.0
HR_Charkhi Dadri,307834.0,88366.0
HR_Faridabad,1039257.0,311343.0
HR_Fatehabad,326567.0,82393.0
HR_Gurugram,1544589.0,517662.0
HR_Hisar,500835.0,120255.0
HR_Jhajjar,389811.0,107813.0
HR_Jind,338393.0,81282.0
HR_Kaithal,334728.0,81923.0
HR_Karnal,548360.0,192305.0
HR_Kurukshetra,347878.0,106880.0
HR_Mahendragarh,360294.0,106498.0
HR_Nuh,155316.0,24748.0
HR_Palwal,349355.0,73996.0
HR_Panchkula,339498.0,126331.0
HR_Panipat,359823.0,111903.0
HR_Rewari,356215.0,126591.0
HR_Rohtak,385391.0,116915.0
HR_Sirsa,437081.0,122678.0
HR_Sonipat,575767.0,191322.0
HR_Yamunanagar,424693.0,140517.0
JH_Bokaro,468147.0,144323.0
JH_Chatra,265172.0,44789.0
JH_Deoghar,383729.0,78267.0
JH_Dhanbad,604509.0,202493.0
JH_Dumka,360252.0,72045.0
JH_East Singhbhum,770884.0,271536.0
JH_Garhwa,294093.0,59833.0
JH_Giridih,576441.0,98036.0
JH_Godda,381260.0,65117.0
JH_Gumla,278365.0,61993.0
JH_Hazaribagh,497004.0,113149.0
JH_Jamtara,238934.0,51971.0
JH_Khunti,153184.0,44994.0
JH_Koderma,263987.0,49638.0
JH_Latehar,170217.0,34354.0
JH_Lohardaga,136824.0,27977.0
JH_Pakur,235442.0,39677.0
JH_Palamu,510029.0,110720.0
JH_Ramgarh,272596.0,71577.0
JH_Ranchi,825443.0,263325.0
JH_Sahibganj,263913.0,43544.0
JH_Saraikela-Kharsawan,276823.0,67674.0
JH_Simdega,197159.0,34112.0
JH_West Singhbhum,373514.0,83787.0
JK_Anantnag,373523.0,96869.0
JK_Bandipora,149410.0,40015.0
JK_Baramulla,416970.0,118376.0
JK_Budgam,306134.0,97803.0
JK_Doda,201478.0,43023.0
JK_Ganderbal,138708.0,42603.0
JK_Jammu,706565.0,325744.0
JK_Kathua,305603.0,82214.0
JK_Kishtwar,104153.0,29965.0
JK_Kulgam,212565.0,60790.0
JK_Kupwara,360028.0,61613.0
JK_Pulwama,249598.0,70638.0
JK_Punch,253523.0,45015.0
JK_Rajouri,311010.0,58580.0
JK_Ramban,164429.0,48470.0
JK_Reasi,182715.0,37381.0
JK_Samba,192423.0,64180.0
JK_Shopiyan,120282.0,42435.0
JK_Srinagar,489945.0,128434.0
JK_Udhampur,307165.0,79284.0
KA_Bagalkote,666251.0,185496.0
KA_Ballari,971507.0,282814.0
KA_Belagavi,1606873.0,441241.0
KA_Bengaluru Rural,442590.0,118346.0
KA_Bengaluru Urban,6269926.0,1831702.0
KA_Bidar,607557.0,151287.0
KA_Chamarajanagara,401003.0,109583.0
KA_Chikkaballapura,512675.0,155959.0
KA_Chikkamagaluru,390270.0,166404.0
KA_Chitradurga,621646.0,212319.0
KA_Dakshina Kannada,993379.0,312039.0
KA_Davanagere,615031.0,154013.0
KA_Dharwad,727618.0,202268.0
KA_Gadag,372155.0,124221.0
KA_Hassan,686651.0,228657.0
KA_Haveri,466300.0,116038.0
KA_Kalaburagi,747715.0,184076.0
KA_Kodagu,239366.0,88071.0
KA_Kolar,685352.0,160867.0
KA_Koppal,485990.0,137214.0
KA_Mandya,739470.0,211163.0
KA_Mysuru,1436322.0,503350.0
KA_Raichur,572771.0,143759.0
KA_Ramanagara,483697.0,183849.0
KA_Shivamogga,655560.0,212328.0
KA_Tumakuru,1015968.0,275555.0
KA_Udupi,600711.0,220649.0
KA_Uttara Kannada,566530.0,196730.0
KA_Vijayapura,725018.0,179674.0
KA_Yadgir,363011.0,122734.0
KL_Alappuzha,1027552.0,448687.0
KL_Ernakulam,2223747.0,745275.0
KL_Idukki,621939.0,216039.0
KL_Kannur,1232803.0,504665.0
KL_Kasaragod,643329.0,281687.0
KL_Kollam,1316718.0,505635.0
KL_Kottayam,1065097.0,419359.0
KL_Kozhikode,1506653.0,585899.0
KL_Malappuram,1392634.0,561718.0
KL_Palakkad,1209284.0,421074.0
KL_Pathanamthitta,879424.0,382059.0
KL_Thiruvananthapuram,1955708.0,743860.0
KL_Thrissur,1604016.0,631094.0
KL_Wayanad,602787.0,210762.0
LA_Kargil,82806.0,29998.0
LA_Leh,106729.0,42827.0
LD_Lakshadweep,51678.0,17875.0
MH_Ahmednagar,1011761.0,398032.0
MH_Akola,431233.0,167155.0
MH_Amravati,691927.0,251834.0
MH_Aurangabad,997525.0,333225.0
MH_Beed,611007.0,190610.0
MH_Bhandara,466299.0,153751.0
MH_Buldhana,658422.0,229351.0
MH_Chandrapur,581626.0,169035.0
MH_Dhule,534288.0,169102.0
MH_Gadchiroli,287000.0,69355.0
MH_Gondia,556195.0,144079.0
MH_Hingoli,244667.0,58953.0
MH_Jalgaon,831795.0,271794.0
MH_Jalna,524100.0,157856.0
MH_Kolhapur,1281779.0,700029.0
MH_Latur,615120.0,203038.0
MH_Mumbai,6169741.0,2075554.0
MH_Nagpur,1972659.0,698551.0
MH_Nanded,676284.0,225318.0
MH_Nandurbar,426892.0,108510.0
MH_Nashik,1554167.0,548271.0
MH_Osmanabad,371522.0,125176.0
MH_Palghar,602297.0,216487.0
MH_Parbhani,449641.0,147665.0
MH_Pune,5097676.0,1772882.0
MH_Raigad,752669.0,245866.0
MH_Ratnagiri,418962.0,136049.0
MH_Sangli,1021917.0,429256.0
MH_Satara,1026507.0,440652.0
MH_Sindhudurg,291705.0,107470.0
MH_Solapur,824586.0,301349.0
MH_Thane,2898733.0,1064471.0
MH_Wardha,444124.0,143957.0
MH_Washim,387960.0,142456.0
MH_Yavatmal,670562.0,216553.0
ML_East Garo Hills,38891.0,10335.0
ML_East Jaintia Hills,53634.0,13228.0
ML_East Khasi Hills,287501.0,84505.0
ML_North Garo Hills,51584.0,11143.0
ML_Ribhoi,79479.0,17162.0
ML_South Garo Hills,31406.0,9316.0
ML_South West Garo Hills,62659.0,15253.0
ML_South West Khasi Hills,30510.0,6384.0
ML_West Garo Hills,189614.0,46616.0
ML_West Jaintia Hills,76299.0,21453.0
ML_West Khasi Hills,67223.0,21964.0
MN_Bishnupur,122294.0,21518.0
MN_Chandel,24897.0,7736.0
MN_Churachandpur,98473.0,23909.0
MN_Imphal East,238949.0,60824.0
MN_Imphal West,291475.0,69468.0
MN_Jiribam,25146.0,3777.0
MN_Kakching,76850.0,15197.0
MN_Kamjong,9620.0,1689.0
MN_Kangpokpi,36150.0,7067.0
MN_Noney,16090.0,4369.0
MN_Pherzawl,10543.0,3232.0
MN_Senapati,25278.0,4958.0
MN_Tamenglong,18480.0,4930.0
MN_Tengnoupal,23357.0,5073.0
MN_Thoubal,137355.0,26902.0
MN_Ukhrul,18929.0,5701.0
MP_Agar Malwa,267422.0,36015.0
MP_Alirajpur,243565.0,31867.0
MP_Anuppur,302339.0,43838.0
MP_Ashoknagar,333750.0,54473.0
MP_Balaghat,680509.0,117674.0
MP_Barwani,460501.0,62901.0
MP_Betul,670754.0,133950.0
MP_Bhind,606743.0,94150.0
MP_Bhopal,1620046.0,466679.0
MP_Burhanpur,330007.0,81501.0
MP_Chhatarpur,640479.0,97115.0
MP_Chhindwara,824517.0,155235.0
MP_Damoh,525156.0,71381.0
MP_Datia,352859.0,56033.0
MP_Dewas,683531.0,118989.0
MP_Dhar,786773.0,133943.0
MP_Dindori,309523.0,44344.0
MP_Guna,487928.0,74216.0
MP_Gwalior,1027971.0,254217.0
MP_Harda,341010.0,55710.0
MP_Hoshangabad,532804.0,113248.0
MP_Indore,2609433.0,711027.0
MP_Jabalpur,1305455.0,341432.0
MP_Jhabua,341162.0,51907.0
MP_Katni,490699.0,79883.0
MP_Khandwa,572203.0,93789.0
MP_Khargone,693825.0,111344.0
MP_Mandla,378878.0,55832.0
MP_Mandsaur,537652.0,90807.0
MP_Morena,695887.0,110701.0
MP_Narsinghpur,487537.0,87271.0
MP_Neemuch,389449.0,80126.0
MP_Panna,390820.0,39235.0
MP_Raisen,541197.0,81874.0
MP_Rajgarh,691364.0,101736.0
MP_Ratlam,635463.0,121833.0
MP_Rewa,861183.0,168522.0
MP_Sagar,1051433.0,230178.0
MP_Satna,737747.0,142797.0
MP_Sehore,694599.0,133683.0
MP_Seoni,546792.0,94796.0
MP_Shahdol,508236.0,77403.0
MP_Shajapur,415951.0,76695.0
MP_Sheopur,197800.0,28011.0
MP_Shivpuri,580330.0,80650.0
MP_Sidhi,393113.0,47455.0
MP_Singrauli,409156.0,58771.0
MP_Tikamgarh,545079.0,94769.0
MP_Ujjain,1111911.0,267505.0
MP_Umaria,249255.0,34650.0
MP_Vidisha,572841.0,101467.0
MZ_Aizawl,123830.0,40553.0
MZ_Champhai,69664.0,25156.0
MZ_Kolasib,44798.0,14153.0
MZ_Lawngtlai,39755.0,10188.0
MZ_Lunglei,87150.0,30779.0
MZ_Mamit,41954.0,12962.0
MZ_Saiha,32974.0,8023.0
MZ_Serchhip,40647.0,14893.0
NL_Dimapur,230052.0,48778.0
NL_Kiphire,12246.0,3552.0
NL_Kohima,97323.0,25023.0
NL_Longleng,19802.0,6045.0
NL_Mokokchung,65213.0,21730.0
NL_Mon,64706.0,18142.0
NL_Peren,17497.0,5597.0
NL_Phek,29328.0,9612.0
NL_Tuensang,34634.0,9496.0
NL_Wokha,32634.0,12015.0
NL_Zunheboto,35944.0,7950.0
OR_Angul,375831.0,82830.0
OR_Balangir,541895.0,93135.0
OR_Balasore,689420.0,264589.0
OR_Bargarh,428881.0,109536.0
OR_Bhadrak,543316.0,125676.0
OR_Boudh,133566.0,28351.0
OR_Cuttack,930295.0,284638.0
OR_Deogarh,117016.0,22971.0
OR_Dhenkanal,419475.0,93532.0
OR_Gajapati,196970.0,43736.0
OR_Ganjam,1516454.0,468809.0
OR_Jagatsinghpur,323687.0,119052.0
OR_Jajpur,542859.0,149573.0
OR_Jharsuguda,254837.0,56059.0
OR_Kalahandi,461519.0,123538.0
OR_Kandhamal,226470.0,56560.0
OR_Kendrapara,490467.0,133965.0
OR_Kendujhar,567179.0,122056.0
OR_Khordha,1492206.0,1010751.0
OR_Koraput,522845.0,122770.0
OR_Malkangiri,178852.0,36420.0
OR_Mayurbhanj,660631.0,161227.0
OR_Nabarangapur,340015.0,58839.0
OR_Nayagarh,321607.0,83092.0
OR_Nuapada,270910.0,43368.0
OR_Puri,668750.0,166003.0
OR_Rayagada,329634.0,69022.0
OR_Sambalpur,535273.0,111778.0
OR_Subarnapur,239736.0,50193.0
OR_Sundargarh,689061.0,182855.0
PB_Amritsar,622939.0,189905.0
PB_Barnala,138489.0,36141.0
PB_Bathinda,299373.0,86420.0
PB_Faridkot,168040.0,55432.0
PB_Fatehgarh Sahib,193007.0,40954.0
PB_Fazilka,197864.0,48339.0
PB_Ferozepur,181325.0,46378.0
PB_Gurdaspur,522149.0,187547.0
PB_Hoshiarpur,727070.0,235989.0
PB_Jalandhar,814817.0,285628.0
PB_Kapurthala,232695.0,78780.0
PB_Ludhiana,1208461.0,385499.0
PB_Mansa,135381.0,30975.0
PB_Moga,237374.0,54243.0
PB_Pathankot,274125.0,87770.0
PB_Patiala,570089.0,159553.0
PB_Rupnagar,223007.0,50352.0
PB_S.A.S. Nagar,640534.0,195695.0
PB_Sangrur,299555.0,80397.0
PB_Shahid Bhagat Singh Nagar,212785.0,68475.0
PB_Sri Muktsar Sahib,250136.0,54258.0
PB_Tarn Taran,256804.0,59903.0
PY_Karaikal,96042.0,19465.0
PY_Mahe,30907.0,13126.0
PY_Puducherry,462735.0,119497.0
PY_Yanam,26594.0,5148.0
RJ_Ajmer,1260157.0,417164.0
RJ_Alwar,1470360.0,530526.0
RJ_Banswara,724958.0,194414.0
RJ_Baran,488924.0,127621.0
RJ_Barmer,998839.0,289458.0
RJ_Bharatpur,968677.0,244845.0
RJ_Bhilwara,960891.0,282707.0
RJ_Bikaner,1001520.0,355014.0
RJ_Bundi,490895.0,160437.0
RJ_Chittorgarh,645139.0,186085.0
RJ_Churu,820466.0,246032.0
RJ_Dausa,681733.0,142232.0
RJ_Dholpur,487653.0,122868.0
RJ_Dungarpur,540083.0,138927.0
RJ_Ganganagar,741884.0,266998.0
RJ_Hanumangarh,717963.0,213975.0
RJ_Jaipur,1199814.0,422302.0
RJ_Jaisalmer,282413.0,80076.0
RJ_Jalore,717677.0,175918.0
RJ_Jhalawar,613985.0,140399.0
RJ_Jhunjhunu,952847.0,347869.0
RJ_Jodhpur,1542099.0,560446.0
RJ_Karauli,589562.0,142698.0
RJ_Kota,892276.0,325307.0
RJ_Nagaur,1369731.0,558048.0
RJ_Pali,800049.0,258411.0
RJ_Pratapgarh,382915.0,79262.0
RJ_Rajsamand,479121.0,114933.0
RJ_Sawai Madhopur,541702.0,140678.0
RJ_Sikar,1178809.0,444674.0
RJ_Sirohi,429580.0,141766.0
RJ_Tonk,617382.0,169068.0
RJ_Udaipur,1195059.0,370381.0
SK_East Sikkim,252376.0,80174.0
SK_North Sikkim,31734.0,9586.0
SK_South Sikkim,116797.0,36563.0
SK_West Sikkim,99922.0,31719.0
TG_Adilabad,102774.0,34441.0
TG_Bhadradri Kothagudem,271566.0,80911.0
TG_Hyderabad,2559011.0,906309.0
TG_Jagtial,211881.0,93364.0
TG_Jangaon,104689.0,43562.0
TG_Jayashankar Bhupalapally,139834.0,41928.0
TG_Jogulamba Gadwal,81941.0,26417.0
TG_Kamareddy,222830.0,92871.0
TG_Karimnagar,399106.0,163858.0
TG_Khammam,422413.0,105043.0
TG_Komaram Bheem,70674.0,23196.0
TG_Mahabubabad,186935.0,66052.0
TG_Mahabubnagar,162824.0,64070.0
TG_Mancherial,211576.0,64717.0
TG_Medak,175497.0,57552.0
TG_Medchal Malkajgiri,1568595.0,534671.0
TG_Mulugu,95566.0,29590.0
TG_Nagarkurnool,144807.0,53187.0
TG_Nalgonda,338773.0,80855.0
TG_Narayanpet,62444.0,16985.0
TG_Nirmal,167959.0,81537.0
TG_Nizamabad,309037.0,118396.0
TG_Peddapalli,283506.0,76064.0
TG_Rajanna Sircilla,155270.0,68534.0
TG_Ranga Reddy,1623649.0,538193.0
TG_Sangareddy,354537.0,116839.0
TG_Siddipet,301191.0,118777.0
TG_Suryapet,254753.0,78972.0
TG_Vikarabad,121682.0,41361.0
TG_Wanaparthy,91061.0,34017.0
TG_Warangal Rural,142093.0,34349.0
TG_Warangal Urban,484676.0,138403.0
TG_Yadadri Bhuvanagiri,250539.0,127093.0
TN_Ariyalur,185706.0,34467.0
TN_Chengalpattu,723075.0,194498.0
TN_Chennai,3192545.0,1191329.0
TN_Coimbatore,1558849.0,367472.0
TN_Cuddalore,577218.0,114903.0
TN_Dharmapuri,418966.0,68649.0
TN_Dindigul,255115.0,48494.0
TN_Erode,718383.0,129173.0
TN_Kallakurichi,313083.0,45276.0
TN_Kancheepuram,306711.0,46858.0
TN_Kanyakumari,550893.0,116025.0
TN_Karur,309227.0,54085.0
TN_Krishnagiri,596961.0,108515.0
TN_Madurai,786060.0,188840.0
TN_Nagapattinam,399779.0,58996.0
TN_Namakkal,543375.0,118141.0
TN_Nilgiris,392074.0,103208.0
TN_Perambalur,173685.0,31271.0
TN_Pudukkottai,238770.0,38247.0
TN_Ramanathapuram,199264.0,30335.0
TN_Ranipet,252509.0,44537.0
TN_Salem,736824.0,163215.0
TN_Sivaganga,363612.0,56964.0
TN_Tenkasi,318670.0,54592.0
TN_Thanjavur,589530.0,102787.0
TN_Theni,322318.0,52539.0
TN_Thiruvallur,502039.0,113587.0
TN_Thiruvarur,330191.0,45513.0
TN_Thoothukkudi,234604.0,44713.0
TN_Tiruchirappalli,792926.0,180677.0
TN_Tirunelveli,374182.0,72065.0
TN_Tirupathur,278345.0,57205.0
TN_Tiruppur,751658.0,131533.0
TN_Tiruvannamalai,366628.0,46798.0
TN_Vellore,404871.0,120993.0
TN_Viluppuram,436091.0,70415.0
TN_Virudhunagar,260653.0,66262.0
TR_Dhalai,250779.0,63601.0
TR_Gomati,269862.0,77502.0
TR_Khowai,188736.0,58696.0
TR_North Tripura,273943.0,88874.0
TR_Sipahijala,324924.0,104520.0
TR_South Tripura,297326.0,101938.0
TR_Unokoti,168790.0,48192.0
TR_West Tripura,659337.0,283463.0
UP_Agra,1164900.0,229477.0
UP_Aligarh,779376.0,155306.0
UP_Ambedkar Nagar,502246.0,80417.0
UP_Amethi,475261.0,98128.0
UP_Amroha,392567.0,68078.0
UP_Auraiya,302129.0,51155.0
UP_Ayodhya,559674.0,109689.0
UP_Azamgarh,1030101.0,161205.0
UP_Baghpat,470009.0,88644.0
UP_Bahraich,938721.0,129849.0
UP_Ballia,533698.0,117643.0
UP_Balrampur,549271.0,110111.0
UP_Banda,414902.0,50832.0
UP_Barabanki,759633.0,99340.0
UP_Bareilly,1070976.0,224470.0
UP_Basti,666747.0,101155.0
UP_Bhadohi,382210.0,64798.0
UP_Bijnor,863344.0,152813.0
UP_Budaun,535384.0,96669.0
UP_Bulandshahr,1024222.0,166047.0
UP_Chandauli,415630.0,60592.0
UP_Chitrakoot,260473.0,24323.0
UP_Deoria,630052.0,134678.0
UP_Etah,347047.0,53243.0
UP_Etawah,363780.0,63649.0
UP_Farrukhabad,379313.0,65981.0
UP_Fatehpur,579668.0,99203.0
UP_Firozabad,540488.0,87123.0
UP_Gautam Buddha Nagar,1433962.0,360371.0
UP_Ghaziabad,1367395.0,317819.0
UP_Ghazipur,842374.0,115732.0
UP_Gonda,997649.0,129900.0
UP_Gorakhpur,1238646.0,255319.0
UP_Hamirpur,314741.0,49132.0
UP_Hapur,360386.0,71825.0
UP_Hardoi,837276.0,103318.0
UP_Hathras,386914.0,68402.0
UP_Jalaun,422948.0,66235.0
UP_Jaunpur,958703.0,183525.0
UP_Jhansi,561543.0,118657.0
UP_Kannauj,384393.0,41133.0
UP_Kanpur Dehat,393291.0,58767.0
UP_Kanpur Nagar,1130469.0,290306.0
UP_Kasganj,286770.0,43001.0
UP_Kaushambi,296640.0,53955.0
UP_Kushinagar,698098.0,138961.0
UP_Lakhimpur Kheri,737804.0,95696.0
UP_Lalitpur,289870.0,34355.0
UP_Lucknow,1713972.0,547681.0
UP_Maharajganj,532658.0,96850.0
UP_Mahoba,303314.0,48475.0
UP_Mainpuri,374234.0,57213.0
UP_Mathura,711494.0,144991.0
UP_Mau,434124.0,91187.0
UP_Meerut,1198295.0,315643.0
UP_Mirzapur,700507.0,105939.0
UP_Moradabad,677386.0,152807.0
UP_Muzaffarnagar,696786.0,124525.0
UP_Pilibhit,472944.0,88132.0
UP_Pratapgarh,571849.0,105818.0
UP_Prayagraj,1153725.0,278520.0
UP_Rae Bareli,498390.0,80795.0
UP_Rampur,400806.0,79192.0
UP_Saharanpur,940308.0,195244.0
UP_Sambhal,379251.0,63839.0
UP_Sant Kabir Nagar,312162.0,53826.0
UP_Shahjahanpur,612030.0,104845.0
UP_Shamli,319256.0,64825.0
UP_Shrawasti,323121.0,35360.0
UP_Siddharthnagar,724748.0,102565.0
UP_Sitapur,769671.0,120138.0
UP_Sonbhadra,343945.0,75325.0
UP_Sultanpur,501554.0,106540.0
UP_Unnao,605005.0,110730.0
UP_Varanasi,1105036.0,288111.0
UT_Almora,319236.0,116868.0
UT_Bageshwar,176476.0,58519.0
UT_Chamoli,238711.0,86546.0
UT_Champawat,168238.0,55175.0
UT_Dehradun,1067509.0,399123.0
UT_Haridwar,899271.0,219977.0
UT_Nainital,560362.0,181532.0
UT_Pauri Garhwal,329398.0,125273.0
UT_Pithoragarh,248546.0,78582.0
UT_Rudraprayag,162291.0,46684.0
UT_Tehri Garhwal,307507.0,101122.0
UT_Udham Singh Nagar,807126.0,180821.0
UT_Uttarkashi,211186.0,72232.0
WB_Alipurduar,412650.0,159599.0
WB_Bankura,267598.0,87151.0
WB_Birbhum,381719.0,128844.0
WB_Cooch Behar,494699.0,210246.0
WB_Dakshin Dinajpur,396502.0,179652.0
WB_Darjeeling,763086.0,268759.0
WB_Hooghly,1435871.0,641359.0
WB_Howrah,1306202.0,459345.0
WB_Jalpaiguri,502113.0,153667.0
WB_Jhargram,252020.0,71153.0
WB_Kalimpong,148058.0,55789.0
WB_Kolkata,3801296.0,1359794.0
WB_Malda,709391.0,268876.0
WB_Murshidabad,1171972.0,494059.0
WB_Nadia,994959.0,426292.0
WB_North 24 Parganas,2667798.0,809105.0
WB_Paschim Bardhaman,786694.0,258180.0
WB_Paschim Medinipur,948146.0,380217.0
WB_Purba Bardhaman,937024.0,457682.0
WB_Purba Medinipur,883475.0,367506.0
WB_Purulia,580596.0,206567.0
WB_South 24 Parganas,1289167.0,474980.0
WB_Uttar Dinajpur,540958.0,173055.0
