SlNo,State_Code,State,District_Key,District,Confirmed,Active,Recovered,Deceased,Migrated_Other,Delta_Confirmed,Delta_Active,Delta_Recovered,Delta_Deceased,District_Notes,Last_Updated
0,UN,State Unassigned,UN_Unassigned,Unassigned,0,0,0,0,0,0,0,0,0,,
1,AN,Andaman and Nicobar Islands,AN_Nicobars,Nicobars,0,0,0,0,0,0,0,0,0,District-wise numbers are out-dated as cumulative counts for each district are not reported in bulletin,
2,AN,Andaman and Nicobar Islands,AN_North and Middle Andaman,North and Middle Andaman,1,0,1,0,0,0,0,0,0,District-wise numbers are out-dated as cumulative counts for each district are not reported in bulletin,
3,AN,Andaman and Nicobar Islands,AN_South Andaman,South Andaman,51,19,32,0,0,0,0,0,0,District-wise numbers are out-dated as cumulative counts for each district are not reported in bulletin,
0,AP,Andhra Pradesh,AP_Foreign Evacuees,Foreign Evacuees,434,0,434,0,0,0,0,0,0,,
4,AP,Andhra Pradesh,AP_Anantapur,Anantapur,157250,113,156046,1091,0,0,0,0,0,,
5,AP,Andhra Pradesh,AP_Chittoor,Chittoor,239229,2084,235286,1859,0,0,0,0,0,,
6,AP,Andhra Pradesh,AP_East Godavari,East Godavari,286877,2466,283149,1262,0,0,0,0,0,,
7,AP,Andhra Pradesh,AP_Guntur,Guntur,173171,1062,170923,1186,0,0,0,0,0,,
8,AP,Andhra Pradesh,AP_Krishna,Krishna,114473,2101,111044,1328,0,0,0,0,0,,
9,AP,Andhra Pradesh,AP_Kurnool,Kurnool,123854,85,122919,850,0,0,0,0,0,,
0,AP,Andhra Pradesh,AP_Other State,Other State,2461,0,2461,0,0,0,0,0,0,,
10,AP,Andhra Pradesh,AP_Prakasam,Prakasam,134294,2217,131023,1054,0,0,0,0,0,,
11,AP,Andhra Pradesh,AP_S.P.S. Nellore,S.P.S. Nellore,141112,2135,137967,1010,0,0,0,0,0,,
12,AP,Andhra Pradesh,AP_Srikakulam,Srikakulam,122217,384,121054,779,0,0,0,0,0,,
13,AP,Andhra Pradesh,AP_Visakhapatnam,Visakhapatnam,155293,432,153755,1106,0,0,0,0,0,,
14,AP,Andhra Pradesh,AP_Vizianagaram,Vizianagaram,82520,237,81614,669,0,0,0,0,0,,
15,AP,Andhra Pradesh,AP_West Godavari,West Godavari,175079,1314,172679,1086,0,0,0,0,0,,
16,AP,Andhra Pradesh,AP_Y.S.R. Kadapa,Y.S.R. Kadapa,113061,528,111902,631,0,0,0,0,0,,
17,AR,Arunachal Pradesh,AR_Anjaw,Anjaw,1042,16,1023,3,0,0,0,0,0,,
18,AR,Arunachal Pradesh,AR_Changlang,Changlang,3753,53,3679,21,0,0,0,0,0,,
19,AR,Arunachal Pradesh,AR_East Kameng,East Kameng,1080,1,1079,0,0,0,0,0,0,,
20,AR,Arunachal Pradesh,AR_East Siang,East Siang,3078,32,3029,17,0,0,0,0,0,,
21,AR,Arunachal Pradesh,AR_Kamle,Kamle,509,14,495,0,0,0,0,0,0,,
22,AR,Arunachal Pradesh,AR_Kra Daadi,Kra Daadi,267,3,264,0,0,0,0,0,0,,
23,AR,Arunachal Pradesh,AR_Kurung Kumey,Kurung Kumey,510,1,508,1,0,0,0,0,0,,
24,AR,Arunachal Pradesh,AR_Lepa Rada,Lepa Rada,857,20,834,3,0,0,0,0,0,,
25,AR,Arunachal Pradesh,AR_Lohit,Lohit,2764,20,2718,26,0,0,0,0,0,,
26,AR,Arunachal Pradesh,AR_Longding,Longding,740,5,733,2,0,0,0,0,0,,
27,AR,Arunachal Pradesh,AR_Lower Dibang Valley,Lower Dibang Valley,2253,42,2201,10,0,0,0,0,0,,
28,AR,Arunachal Pradesh,AR_Lower Siang,Lower Siang,736,2,726,8,0,0,0,0,0,,
29,AR,Arunachal Pradesh,AR_Lower Subansiri,Lower Subansiri,2879,93,2775,11,0,0,0,0,0,,
30,AR,Arunachal Pradesh,AR_Namsai,Namsai,2009,18,1975,16,0,0,0,0,0,,
31,AR,Arunachal Pradesh,AR_Pakke Kessang,Pakke Kessang,427,16,411,0,0,0,0,0,0,,
32,AR,Arunachal Pradesh,AR_Papum Pare,Papum Pare,17955,146,17714,95,0,0,0,0,0,,
33,AR,Arunachal Pradesh,AR_Shi Yomi,Shi Yomi,234,4,230,0,0,0,0,0,0,,
34,AR,Arunachal Pradesh,AR_Siang,Siang,408,1,404,3,0,0,0,0,0,,
35,AR,Arunachal Pradesh,AR_Tawang,Tawang,2393,37,2338,18,0,0,0,0,0,,
36,AR,Arunachal Pradesh,AR_Tirap,Tirap,1028,11,1014,3,0,0,0,0,0,,
37,AR,Arunachal Pradesh,AR_Upper Dibang Valley,Upper Dibang Valley,327,31,294,2,0,0,0,0,0,,
38,AR,Arunachal Pradesh,AR_Upper Siang,Upper Siang,972,32,939,1,0,0,0,0,0,,
39,AR,Arunachal Pradesh,AR_Upper Subansiri,Upper Subansiri,1952,8,1938,6,0,0,0,0,0,,
40,AR,Arunachal Pradesh,AR_West Kameng,West Kameng,3354,51,3290,13,0,0,0,0,0,,
41,AR,Arunachal Pradesh,AR_West Siang,West Siang,1811,34,1772,5,0,0,0,0,0,,
0,AS,Assam,AS_Airport Quarantine,Airport Quarantine,13,0,13,0,0,0,0,0,0,,
42,AS,Assam,AS_Baksa,Baksa,6243,5737,447,59,0,0,0,0,0,,
43,AS,Assam,AS_Barpeta,Barpeta,12395,11205,1024,166,0,0,0,0,0,,
44,AS,Assam,AS_Biswanath,Biswanath,8918,8486,379,53,0,0,0,0,0,,
45,AS,Assam,AS_Bongaigaon,Bongaigaon,6336,5433,834,69,0,0,0,0,0,,
46,AS,Assam,AS_Cachar,Cachar,24116,22424,1498,194,0,0,0,0,0,,
47,AS,Assam,AS_Charaideo,Charaideo,3610,3454,105,51,0,0,0,0,0,,
48,AS,Assam,AS_Chirang,Chirang,2689,2432,219,38,0,0,0,0,0,,
49,AS,Assam,AS_Darrang,Darrang,10642,8807,1730,105,0,0,0,0,0,,
50,AS,Assam,AS_Dhemaji,Dhemaji,7555,7072,440,43,0,0,0,0,0,,
51,AS,Assam,AS_Dhubri,Dhubri,7922,6654,1215,53,0,0,0,0,0,,
52,AS,Assam,AS_Dibrugarh,Dibrugarh,33606,30817,2409,380,0,0,0,0,0,,
53,AS,Assam,AS_Dima Hasao,Dima Hasao,3312,3098,199,15,0,0,0,0,0,,
54,AS,Assam,AS_Goalpara,Goalpara,10755,38,568,85,0,0,0,0,0,,
55,AS,Assam,AS_Golaghat,Golaghat,22784,20894,1656,234,0,0,0,0,0,,
56,AS,Assam,AS_Hailakandi,Hailakandi,6112,4962,1116,34,0,0,0,0,0,,
57,AS,Assam,AS_Hojai,Hojai,7301,6031,1160,110,0,0,0,0,0,,
58,AS,Assam,AS_Jorhat,Jorhat,23959,21918,1752,289,0,0,0,0,0,,
59,AS,Assam,AS_Kamrup,Kamrup,31889,29558,2074,257,0,0,0,0,0,,
60,AS,Assam,AS_Kamrup Metropolitan,Kamrup Metropolitan,105248,89058,15370,820,0,0,0,0,0,,
61,AS,Assam,AS_Karbi Anglong,Karbi Anglong,7046,6384,552,110,0,0,0,0,0,,
62,AS,Assam,AS_Karimganj,Karimganj,7881,6839,955,87,0,0,0,0,0,,
63,AS,Assam,AS_Kokrajhar,Kokrajhar,5464,5049,353,62,0,0,0,0,0,,
64,AS,Assam,AS_Lakhimpur,Lakhimpur,14629,13393,1135,101,0,0,0,0,0,,
65,AS,Assam,AS_Majuli,Majuli,1946,1854,80,12,0,0,0,0,0,,
66,AS,Assam,AS_Morigaon,Morigaon,13318,12691,557,70,0,0,0,0,0,,
67,AS,Assam,AS_Nagaon,Nagaon,24149,21445,2506,198,0,0,0,0,0,,
68,AS,Assam,AS_Nalbari,Nalbari,10273,9337,828,108,0,0,0,0,0,,
0,AS,Assam,AS_Other State,Other State,192,191,1,0,0,0,0,0,0,,
69,AS,Assam,AS_Sivasagar,Sivasagar,10573,9930,473,170,0,0,0,0,0,,
70,AS,Assam,AS_Sonitpur,Sonitpur,20384,18444,1727,213,0,0,0,0,0,,
71,AS,Assam,AS_South Salmara Mankachar,South Salmara Mankachar,1846,1783,47,16,0,0,0,0,0,,
72,AS,Assam,AS_Tinsukia,Tinsukia,19668,17621,1798,249,0,0,0,0,0,,
73,AS,Assam,AS_Udalguri,Udalguri,5628,4889,666,73,0,0,0,0,0,,
74,AS,Assam,AS_West Karbi Anglong,West Karbi Anglong,1307,1264,37,6,0,0,0,0,0,,
75,BR,Bihar,BR_Araria,Araria,14971,2,14853,116,0,0,0,0,0,,
76,BR,Bihar,BR_Arwal,Arwal,7381,0,7307,74,0,0,0,0,0,,
77,BR,Bihar,BR_Aurangabad,Aurangabad,20011,0,19936,75,0,0,0,0,0,,
78,BR,Bihar,BR_Banka,Banka,7379,0,7267,112,0,0,0,0,0,,
79,BR,Bihar,BR_Begusarai,Begusarai,27186,1,26728,457,0,0,0,0,0,,
80,BR,Bihar,BR_Bhagalpur,Bhagalpur,25834,3,25522,309,0,0,0,0,0,,
81,BR,Bihar,BR_Bhojpur,Bhojpur,10188,6,10023,159,0,0,0,0,0,,
82,BR,Bihar,BR_Buxar,Buxar,9248,0,9066,182,0,0,0,0,0,,
83,BR,Bihar,BR_Darbhanga,Darbhanga,10925,5,10552,368,0,0,0,0,0,,
101,BR,Bihar,BR_East Champaran,East Champaran,19010,1,18579,430,0,0,0,0,0,,
84,BR,Bihar,BR_Gaya,Gaya,33944,1,33664,279,0,0,0,0,0,,
85,BR,Bihar,BR_Gopalganj,Gopalganj,16676,1,16581,94,0,0,0,0,0,,
86,BR,Bihar,BR_Jamui,Jamui,9415,0,9309,106,0,0,0,0,0,,
87,BR,Bihar,BR_Jehanabad,Jehanabad,10775,0,10666,109,0,0,0,0,0,,
88,BR,Bihar,BR_Kaimur,Kaimur,4984,1,4836,147,0,0,0,0,0,,
89,BR,Bihar,BR_Katihar,Katihar,18137,2,18041,94,0,0,0,0,0,,
90,BR,Bihar,BR_Khagaria,Khagaria,10059,0,9971,88,0,0,0,0,0,,
91,BR,Bihar,BR_Kishanganj,Kishanganj,10114,3,10045,66,0,0,0,0,0,,
92,BR,Bihar,BR_Lakhisarai,Lakhisarai,7773,0,7671,102,0,0,0,0,0,,
93,BR,Bihar,BR_Madhepura,Madhepura,12538,2,12425,111,0,0,0,0,0,,
94,BR,Bihar,BR_Madhubani,Madhubani,18342,0,18004,338,0,0,0,0,0,,
95,BR,Bihar,BR_Munger,Munger,15104,0,14946,158,0,0,0,0,0,,
96,BR,Bihar,BR_Muzaffarpur,Muzaffarpur,31392,1,30770,621,0,0,0,0,0,,
97,BR,Bihar,BR_Nalanda,Nalanda,23430,1,22961,468,0,0,0,0,0,,
98,BR,Bihar,BR_Nawada,Nawada,10351,1,10172,178,0,0,0,0,0,,
100,BR,Bihar,BR_Patna,Patna,146908,15,144560,2333,0,0,0,0,0,,
102,BR,Bihar,BR_Purnia,Purnia,24421,1,24240,180,0,0,0,0,0,,
103,BR,Bihar,BR_Rohtas,Rohtas,13972,1,13701,270,0,0,0,0,0,,
104,BR,Bihar,BR_Saharsa,Saharsa,17615,1,17480,134,0,0,0,0,0,,
105,BR,Bihar,BR_Samastipur,Samastipur,20007,4,19848,155,0,0,0,0,0,,
106,BR,Bihar,BR_Saran,Saran,23272,0,23017,255,0,0,0,0,0,,
107,BR,Bihar,BR_Sheikhpura,Sheikhpura,7693,1,7617,75,0,0,0,0,0,,
108,BR,Bihar,BR_Sheohar,Sheohar,4399,1,4362,36,0,0,0,0,0,,
109,BR,Bihar,BR_Sitamarhi,Sitamarhi,9181,2,9052,127,0,0,0,0,0,,
110,BR,Bihar,BR_Siwan,Siwan,15195,0,15025,170,0,0,0,0,0,,
111,BR,Bihar,BR_Supaul,Supaul,17214,4,17081,129,0,0,0,0,0,,
112,BR,Bihar,BR_Vaishali,Vaishali,19821,2,19626,192,1,0,0,0,0,,
99,BR,Bihar,BR_West Champaran,West Champaran,20888,1,20529,358,0,0,0,0,0,,
113,CH,Chandigarh,CH_Chandigarh,Chandigarh,65121,40,64267,814,0,0,0,0,0,,
0,CT,Chhattisgarh,CT_Other State,Other State,776,8,637,131,0,0,0,0,0,,
114,CT,Chhattisgarh,CT_Balod,Balod,27264,1,26867,396,0,0,0,0,0,,
115,CT,Chhattisgarh,CT_Baloda Bazar,Baloda Bazar,43041,15,42556,470,0,0,0,0,0,,
116,CT,Chhattisgarh,CT_Balrampur,Balrampur,20292,3,20171,118,0,0,0,0,0,,
117,CT,Chhattisgarh,CT_Bametara,Bametara,19946,0,19710,236,0,0,0,0,0,,
118,CT,Chhattisgarh,CT_Bastar,Bastar,21018,15,20815,188,0,0,0,0,0,,
119,CT,Chhattisgarh,CT_Bijapur,Bijapur,8296,7,8234,55,0,0,0,0,0,,
120,CT,Chhattisgarh,CT_Bilaspur,Bilaspur,65544,35,64302,1207,0,0,0,0,0,,
121,CT,Chhattisgarh,CT_Dakshin Bastar Dantewada,Dakshin Bastar Dantewada,10782,13,10745,24,0,0,0,0,0,,
122,CT,Chhattisgarh,CT_Dhamtari,Dhamtari,27214,7,26662,545,0,0,0,0,0,,
123,CT,Chhattisgarh,CT_Durg,Durg,96706,22,94889,1795,0,0,0,0,0,,
124,CT,Chhattisgarh,CT_Gariaband,Gariaband,19688,7,19487,194,0,0,0,0,0,,
125,CT,Chhattisgarh,CT_Janjgir Champa,Janjgir Champa,57525,24,56669,832,0,0,0,0,0,,
126,CT,Chhattisgarh,CT_Jashpur,Jashpur,27031,34,26785,212,0,0,0,0,0,,
127,CT,Chhattisgarh,CT_Kabeerdham,Kabeerdham,22770,0,22503,267,0,0,0,0,0,,
128,CT,Chhattisgarh,CT_Kondagaon,Kondagaon,13100,12,12989,99,0,0,0,0,0,,
129,CT,Chhattisgarh,CT_Korba,Korba,54694,27,54091,576,0,0,0,0,0,,
130,CT,Chhattisgarh,CT_Koriya,Koriya,26953,15,26763,175,0,0,0,0,0,,
131,CT,Chhattisgarh,CT_Mahasamund,Mahasamund,31342,6,30971,365,0,0,0,0,0,,
132,CT,Chhattisgarh,CT_Mungeli,Mungeli,23905,6,23732,167,0,0,0,0,0,,
133,CT,Chhattisgarh,CT_Narayanpur,Narayanpur,4015,5,3996,14,0,0,0,0,0,,
134,CT,Chhattisgarh,CT_Raigarh,Raigarh,62517,13,61526,978,0,0,0,0,0,,
135,CT,Chhattisgarh,CT_Raipur,Raipur,157886,30,154717,3139,0,0,0,0,0,,
136,CT,Chhattisgarh,CT_Rajnandgaon,Rajnandgaon,56030,13,55502,515,0,0,0,0,0,,
137,CT,Chhattisgarh,CT_Sukma,Sukma,8030,29,7981,20,0,0,0,0,0,,
138,CT,Chhattisgarh,CT_Surajpur,Surajpur,29021,1,28796,224,0,0,0,0,0,,
139,CT,Chhattisgarh,CT_Surguja,Surguja,33664,8,33411,245,0,0,0,0,0,,
140,CT,Chhattisgarh,CT_Uttar Bastar Kanker,Uttar Bastar Kanker,23576,9,23344,223,0,0,0,0,0,,
766,CT,Chhattisgarh,CT_Gaurela Pendra Marwahi,Gaurela Pendra Marwahi,12009,3,11860,146,0,0,0,0,0,,
144,DL,Delhi,DL_Central Delhi,Central Delhi,184,184,0,0,0,0,0,0,0,District-wise numbers are out-dated as cumulative counts for each district are not reported in bulletin,
145,DL,Delhi,DL_East Delhi,East Delhi,38,38,0,0,0,0,0,0,0,District-wise numbers are out-dated as cumulative counts for each district are not reported in bulletin,
146,DL,Delhi,DL_New Delhi,New Delhi,37,37,0,0,0,0,0,0,0,District-wise numbers are out-dated as cumulative counts for each district are not reported in bulletin,
147,DL,Delhi,DL_North Delhi,North Delhi,60,60,0,0,0,0,0,0,0,District-wise numbers are out-dated as cumulative counts for each district are not reported in bulletin,
148,DL,Delhi,DL_North East Delhi,North East Delhi,25,25,0,0,0,0,0,0,0,District-wise numbers are out-dated as cumulative counts for each district are not reported in bulletin,
149,DL,Delhi,DL_North West Delhi,North West Delhi,32,31,0,1,0,0,0,0,0,District-wise numbers are out-dated as cumulative counts for each district are not reported in bulletin,
150,DL,Delhi,DL_Shahdara,Shahdara,48,48,0,0,0,0,0,0,0,District-wise numbers are out-dated as cumulative counts for each district are not reported in bulletin,
151,DL,Delhi,DL_South Delhi,South Delhi,70,70,0,0,0,0,0,0,0,District-wise numbers are out-dated as cumulative counts for each district are not reported in bulletin,
152,DL,Delhi,DL_South East Delhi,South East Delhi,130,130,0,0,0,0,0,0,0,District-wise numbers are out-dated as cumulative counts for each district are not reported in bulletin,
153,DL,Delhi,DL_South West Delhi,South West Delhi,42,42,0,0,0,0,0,0,0,District-wise numbers are out-dated as cumulative counts for each district are not reported in bulletin,
154,DL,Delhi,DL_West Delhi,West Delhi,122,122,0,0,0,0,0,0,0,District-wise numbers are out-dated as cumulative counts for each district are not reported in bulletin,
0,DN,Dadra and Nagar Haveli and Daman and Diu,DN_Other State,Other State,0,0,0,0,0,0,0,0,0,,
141,DN,Dadra and Nagar Haveli and Daman and Diu,DN_Dadra and Nagar Haveli,Dadra and Nagar Haveli,5913,1,5904,3,5,0,0,0,0,,
142,DN,Dadra and Nagar Haveli and Daman and Diu,DN_Daman,Daman,3537,1,3509,1,26,0,0,0,0,,
143,DN,Dadra and Nagar Haveli and Daman and Diu,DN_Diu,Diu,1218,0,1218,0,0,0,0,0,0,,
0,GA,Goa,GA_Other State,Other State,200,9,190,1,0,0,0,0,0,District-wise numbers are out-dated as cumulative counts for each district are not reported in bulletin,
155,GA,Goa,GA_North Goa,North Goa,2668,1639,964,65,0,0,0,0,0,District-wise numbers are out-dated as cumulative counts for each district are not reported in bulletin,
156,GA,Goa,GA_South Goa,South Goa,3511,1978,1407,126,0,0,0,0,0,District-wise numbers are out-dated as cumulative counts for each district are not reported in bulletin,
0,GJ,Gujarat,GJ_Other State,Other State,162,0,159,3,0,0,0,0,0,,
157,GJ,Gujarat,GJ_Ahmedabad,Ahmedabad,238120,36,234673,3411,0,0,0,0,0,,
158,GJ,Gujarat,GJ_Amreli,Amreli,10807,0,10705,102,0,0,0,0,0,,
159,GJ,Gujarat,GJ_Anand,Anand,9627,0,9578,49,0,0,0,0,0,,
160,GJ,Gujarat,GJ_Aravalli,Aravalli,5186,0,5108,78,0,0,0,0,0,,
161,GJ,Gujarat,GJ_Banaskantha,Banaskantha,13631,0,13469,162,0,0,0,0,0,,
162,GJ,Gujarat,GJ_Bharuch,Bharuch,11426,0,11308,118,0,0,0,0,0,,
163,GJ,Gujarat,GJ_Bhavnagar,Bhavnagar,21428,9,21118,301,0,0,0,0,0,,
164,GJ,Gujarat,GJ_Botad,Botad,2218,1,2175,42,0,0,0,0,0,,
165,GJ,Gujarat,GJ_Chhota Udaipur,Chhota Udaipur,3395,0,3357,38,0,0,0,0,0,,
167,GJ,Gujarat,GJ_Dahod,Dahod,9955,2,9915,38,0,0,0,0,0,,
187,GJ,Gujarat,GJ_Dang,Dang,864,0,846,18,0,0,0,0,0,,
166,GJ,Gujarat,GJ_Devbhumi Dwarka,Devbhumi Dwarka,4173,0,4091,82,0,0,0,0,0,,
168,GJ,Gujarat,GJ_Gandhinagar,Gandhinagar,20747,4,20538,205,0,0,0,0,0,,
169,GJ,Gujarat,GJ_Gir Somnath,Gir Somnath,8558,0,8491,67,0,0,0,0,0,,
170,GJ,Gujarat,GJ_Jamnagar,Jamnagar,34957,1,34478,478,0,0,0,0,0,,
171,GJ,Gujarat,GJ_Junagadh,Junagadh,20478,0,20207,271,0,0,0,0,0,,
173,GJ,Gujarat,GJ_Kheda,Kheda,10422,0,10374,48,0,0,0,0,0,,
172,GJ,Gujarat,GJ_Kutch,Kutch,12599,8,12446,145,0,0,0,0,0,,
175,GJ,Gujarat,GJ_Mahisagar,Mahisagar,8194,3,8119,72,0,0,0,0,0,,
174,GJ,Gujarat,GJ_Mehsana,Mehsana,24415,1,24237,177,0,0,0,0,0,,
176,GJ,Gujarat,GJ_Morbi,Morbi,6502,0,6415,87,0,0,0,0,0,,
177,GJ,Gujarat,GJ_Narmada,Narmada,5953,1,5937,15,0,0,0,0,0,,
178,GJ,Gujarat,GJ_Navsari,Navsari,7158,1,7133,24,0,0,0,0,0,,
179,GJ,Gujarat,GJ_Panchmahal,Panchmahal,11770,0,11700,70,0,0,0,0,0,,
180,GJ,Gujarat,GJ_Patan,Patan,11624,0,11495,129,0,0,0,0,0,,
181,GJ,Gujarat,GJ_Porbandar,Porbandar,3481,1,3461,19,0,0,0,0,0,,
182,GJ,Gujarat,GJ_Rajkot,Rajkot,57935,6,57204,725,0,0,0,0,0,,
183,GJ,Gujarat,GJ_Sabarkantha,Sabarkantha,9315,0,9158,157,0,0,0,0,0,,
184,GJ,Gujarat,GJ_Surat,Surat,143568,21,141592,1955,0,0,0,0,0,,
185,GJ,Gujarat,GJ_Surendranagar,Surendranagar,8121,0,7985,136,0,0,0,0,0,,
186,GJ,Gujarat,GJ_Tapi,Tapi,4439,1,4415,23,0,0,0,0,0,,
188,GJ,Gujarat,GJ_Vadodara,Vadodara,78017,50,77179,788,0,0,0,0,0,,
189,GJ,Gujarat,GJ_Valsad,Valsad,6245,0,6196,49,0,0,0,0,0,,
212,HP,Himachal Pradesh,HP_Bilaspur,Bilaspur,13477,110,13284,82,1,0,0,0,0,,
213,HP,Himachal Pradesh,HP_Chamba,Chamba,13500,86,13254,158,2,0,0,0,0,,
214,HP,Himachal Pradesh,HP_Hamirpur,Hamirpur,15401,210,14930,260,1,0,0,0,0,,
215,HP,Himachal Pradesh,HP_Kangra,Kangra,47865,366,46426,1069,4,0,0,0,0,,
216,HP,Himachal Pradesh,HP_Kinnaur,Kinnaur,3415,26,3351,38,0,0,0,0,0,,
217,HP,Himachal Pradesh,HP_Kullu,Kullu,9518,68,9289,157,4,0,0,0,0,,
218,HP,Himachal Pradesh,HP_Lahaul and Spiti,Lahaul and Spiti,2912,29,2865,18,0,0,0,0,0,,
219,HP,Himachal Pradesh,HP_Mandi,Mandi,30048,356,29272,420,0,0,0,0,0,,
220,HP,Himachal Pradesh,HP_Shimla,Shimla,26733,237,25870,622,4,0,0,0,0,,
221,HP,Himachal Pradesh,HP_Sirmaur,Sirmaur,15440,10,15219,211,0,0,0,0,0,,
222,HP,Himachal Pradesh,HP_Solan,Solan,22619,87,22218,314,0,0,0,0,0,,
223,HP,Himachal Pradesh,HP_Una,Una,13576,48,13280,246,2,0,0,0,0,,
0,HR,Haryana,HR_Foreign Evacuees,Foreign Evacuees,0,0,0,0,0,0,0,0,0,,
190,HR,Haryana,HR_Ambala,Ambala,30114,7,29598,509,0,0,0,0,0,,
191,HR,Haryana,HR_Bhiwani,Bhiwani,22404,48,21748,608,0,0,0,0,0,,
192,HR,Haryana,HR_Charkhi Dadri,Charkhi Dadri,5070,4,4933,133,0,0,0,0,0,,
193,HR,Haryana,HR_Faridabad,Faridabad,99836,12,99108,716,0,0,0,0,0,,
194,HR,Haryana,HR_Fatehabad,Fatehabad,17871,6,17400,465,0,0,0,0,0,,
195,HR,Haryana,HR_Gurugram,Gurugram,181096,63,180111,922,0,0,0,0,0,,
196,HR,Haryana,HR_Hisar,Hisar,53980,98,52840,1042,0,0,0,0,0,,
0,HR,Haryana,HR_Italians,Italians,0,0,0,0,0,0,0,0,0,,
197,HR,Haryana,HR_Jhajjar,Jhajjar,18846,25,18511,310,0,0,0,0,0,,
198,HR,Haryana,HR_Jind,Jind,21204,13,20667,524,0,0,0,0,0,,
199,HR,Haryana,HR_Kaithal,Kaithal,11235,17,10879,339,0,0,0,0,0,,
200,HR,Haryana,HR_Karnal,Karnal,40022,35,39439,548,0,0,0,0,0,,
201,HR,Haryana,HR_Kurukshetra,Kurukshetra,22128,4,21768,356,0,0,0,0,0,,
202,HR,Haryana,HR_Mahendragarh,Mahendragarh,21689,3,21533,153,0,0,0,0,0,,
203,HR,Haryana,HR_Nuh,Nuh,5011,0,4889,122,0,0,0,0,0,,
204,HR,Haryana,HR_Palwal,Palwal,11018,2,10863,153,0,0,0,0,0,,
205,HR,Haryana,HR_Panchkula,Panchkula,30688,43,30271,374,0,0,0,0,0,,
206,HR,Haryana,HR_Panipat,Panipat,31139,82,30491,566,0,0,0,0,0,,
207,HR,Haryana,HR_Rewari,Rewari,20309,23,20077,209,0,0,0,0,0,,
208,HR,Haryana,HR_Rohtak,Rohtak,25893,89,25304,500,0,0,0,0,0,,
209,HR,Haryana,HR_Sirsa,Sirsa,29273,47,28758,468,0,0,0,0,0,,
210,HR,Haryana,HR_Sonipat,Sonipat,47130,1,46875,254,0,0,0,0,0,,
211,HR,Haryana,HR_Yamunanagar,Yamunanagar,24601,9,24180,412,0,0,0,0,0,,
246,JH,Jharkhand,JH_Bokaro,Bokaro,19424,2,19136,286,0,0,0,0,0,,
247,JH,Jharkhand,JH_Chatra,Chatra,6031,4,5974,53,0,0,0,0,0,,
248,JH,Jharkhand,JH_Deoghar,Deoghar,10820,1,10706,113,0,0,0,0,0,,
249,JH,Jharkhand,JH_Dhanbad,Dhanbad,16545,4,16160,381,0,0,0,0,0,,
250,JH,Jharkhand,JH_Dumka,Dumka,4634,0,4587,47,0,0,0,0,0,,
264,JH,Jharkhand,JH_East Singhbhum,East Singhbhum,51828,8,50777,1043,0,0,0,0,0,,
251,JH,Jharkhand,JH_Garhwa,Garhwa,6887,1,6792,94,0,0,0,0,0,,
252,JH,Jharkhand,JH_Giridih,Giridih,8963,0,8833,130,0,0,0,0,0,,
253,JH,Jharkhand,JH_Godda,Godda,5839,1,5751,87,0,0,0,0,0,,
254,JH,Jharkhand,JH_Gumla,Gumla,9895,0,9857,38,0,0,0,0,0,,
255,JH,Jharkhand,JH_Hazaribagh,Hazaribagh,19586,1,19399,186,0,0,0,0,0,,
256,JH,Jharkhand,JH_Jamtara,Jamtara,5583,13,5510,60,0,0,0,0,0,,
257,JH,Jharkhand,JH_Khunti,Khunti,7804,1,7707,96,0,0,0,0,0,,
258,JH,Jharkhand,JH_Koderma,Koderma,12872,0,12736,136,0,0,0,0,0,,
259,JH,Jharkhand,JH_Latehar,Latehar,7868,1,7810,57,0,0,0,0,0,,
260,JH,Jharkhand,JH_Lohardaga,Lohardaga,6706,1,6617,88,0,0,0,0,0,,
261,JH,Jharkhand,JH_Pakur,Pakur,2551,0,2539,12,0,0,0,0,0,,
262,JH,Jharkhand,JH_Palamu,Palamu,12294,0,12184,110,0,0,0,0,0,,
265,JH,Jharkhand,JH_Ramgarh,Ramgarh,13909,1,13711,197,0,0,0,0,0,,
266,JH,Jharkhand,JH_Ranchi,Ranchi,85659,84,83990,1585,0,0,0,0,0,,
267,JH,Jharkhand,JH_Sahibganj,Sahibganj,4830,4,4784,42,0,0,0,0,0,,
268,JH,Jharkhand,JH_Saraikela-Kharsawan,Saraikela-Kharsawan,7207,3,7137,67,0,0,0,0,0,,
269,JH,Jharkhand,JH_Simdega,Simdega,7193,1,7100,92,0,0,0,0,0,,
263,JH,Jharkhand,JH_West Singhbhum,West Singhbhum,13014,2,12879,133,0,0,0,0,0,,
224,JK,Jammu and Kashmir,JK_Anantnag,Anantnag,16459,26,16228,205,0,0,0,0,0,,
226,JK,Jammu and Kashmir,JK_Bandipora,Bandipora,9650,30,9519,101,0,0,0,0,0,,
227,JK,Jammu and Kashmir,JK_Baramulla,Baramulla,23961,147,23532,282,0,0,0,0,0,,
225,JK,Jammu and Kashmir,JK_Budgam,Budgam,23265,160,22898,207,0,0,0,0,0,,
228,JK,Jammu and Kashmir,JK_Doda,Doda,7611,88,7393,130,0,0,0,0,0,,
229,JK,Jammu and Kashmir,JK_Ganderbal,Ganderbal,10149,44,10027,78,0,0,0,0,0,,
230,JK,Jammu and Kashmir,JK_Jammu,Jammu,53047,64,51841,1142,0,0,0,0,0,,
231,JK,Jammu and Kashmir,JK_Kathua,Kathua,9286,2,9133,151,0,0,0,0,0,,
232,JK,Jammu and Kashmir,JK_Kishtwar,Kishtwar,4789,40,4705,44,0,0,0,0,0,,
233,JK,Jammu and Kashmir,JK_Kulgam,Kulgam,11427,13,11297,117,0,0,0,0,0,,
234,JK,Jammu and Kashmir,JK_Kupwara,Kupwara,14257,28,14063,166,0,0,0,0,0,,
235,JK,Jammu and Kashmir,JK_Mirpur,Mirpur,0,0,0,0,0,0,0,0,0,,
236,JK,Jammu and Kashmir,JK_Muzaffarabad,Muzaffarabad,0,0,0,0,0,0,0,0,0,,
237,JK,Jammu and Kashmir,JK_Pulwama,Pulwama,15357,46,15117,194,0,0,0,0,0,,
238,JK,Jammu and Kashmir,JK_Punch,Punch,6325,12,6216,97,0,0,0,0,0,,
239,JK,Jammu and Kashmir,JK_Rajouri,Rajouri,11110,23,10852,235,0,0,0,0,0,,
240,JK,Jammu and Kashmir,JK_Ramban,Ramban,5999,14,5918,67,0,0,0,0,0,,
241,JK,Jammu and Kashmir,JK_Reasi,Reasi,6452,16,6393,43,0,0,0,0,0,,
242,JK,Jammu and Kashmir,JK_Samba,Samba,7138,5,7013,120,0,0,0,0,0,,
243,JK,Jammu and Kashmir,JK_Shopiyan,Shopiyan,5600,6,5536,58,0,0,0,0,0,,
244,JK,Jammu and Kashmir,JK_Srinagar,Srinagar,72676,555,71285,836,0,0,0,0,0,,
245,JK,Jammu and Kashmir,JK_Udhampur,Udhampur,11382,3,11242,137,0,0,0,0,0,,
270,KA,Karnataka,KA_Bagalkote,Bagalkote,35161,29,34803,329,0,0,0,0,0,,
271,KA,Karnataka,KA_Ballari,Ballari,97593,150,95754,1689,0,0,0,0,0,,
272,KA,Karnataka,KA_Belagavi,Belagavi,79362,336,78131,895,0,0,0,0,0,,
274,KA,Karnataka,KA_Bengaluru Rural,Bengaluru Rural,61535,143,60517,875,0,0,0,0,0,,
273,KA,Karnataka,KA_Bengaluru Urban,Bengaluru Urban,1239481,7205,1216251,16024,1,0,0,0,0,,
275,KA,Karnataka,KA_Bidar,Bidar,24301,1,23898,398,4,0,0,0,0,,
276,KA,Karnataka,KA_Chamarajanagara,Chamarajanagara,32800,116,32177,496,11,0,0,0,0,,
277,KA,Karnataka,KA_Chikkaballapura,Chikkaballapura,43863,49,43389,424,1,0,0,0,0,,
278,KA,Karnataka,KA_Chikkamagaluru,Chikkamagaluru,50002,543,49074,385,0,0,0,0,0,,
279,KA,Karnataka,KA_Chitradurga,Chitradurga,36414,215,35996,203,0,0,0,0,0,,
280,KA,Karnataka,KA_Dakshina Kannada,Dakshina Kannada,111058,2107,107357,1589,5,0,0,0,0,,
281,KA,Karnataka,KA_Davanagere,Davanagere,50804,203,50002,599,0,0,0,0,0,,
282,KA,Karnataka,KA_Dharwad,Dharwad,60781,79,59400,1300,2,0,0,0,0,,
283,KA,Karnataka,KA_Gadag,Gadag,26043,14,25713,316,0,0,0,0,0,,
284,KA,Karnataka,KA_Hassan,Hassan,109983,955,107797,1229,2,0,0,0,0,,
285,KA,Karnataka,KA_Haveri,Haveri,21921,20,21263,638,0,0,0,0,0,,
286,KA,Karnataka,KA_Kalaburagi,Kalaburagi,61816,64,60933,819,0,0,0,0,0,,
287,KA,Karnataka,KA_Kodagu,Kodagu,35598,534,34748,316,0,0,0,0,0,,
288,KA,Karnataka,KA_Kolar,Kolar,46459,253,45580,626,0,0,0,0,0,,
289,KA,Karnataka,KA_Koppal,Koppal,35170,48,34604,518,0,0,0,0,0,,
290,KA,Karnataka,KA_Mandya,Mandya,73115,226,72243,646,0,0,0,0,0,,
291,KA,Karnataka,KA_Mysuru,Mysuru,176492,929,173196,2367,0,0,0,0,0,,
0,KA,Karnataka,KA_Other State,Other State,36,0,33,3,0,0,0,0,0,,
292,KA,Karnataka,KA_Raichur,Raichur,39931,3,39599,329,0,0,0,0,0,,
293,KA,Karnataka,KA_Ramanagara,Ramanagara,24113,55,23744,314,0,0,0,0,0,,
294,KA,Karnataka,KA_Shivamogga,Shivamogga,68525,532,66918,1075,0,0,0,0,0,,
295,KA,Karnataka,KA_Tumakuru,Tumakuru,119439,661,117679,1099,0,0,0,0,0,,
296,KA,Karnataka,KA_Udupi,Udupi,74478,1614,72400,464,0,0,0,0,0,,
297,KA,Karnataka,KA_Uttara Kannada,Uttara Kannada,55141,382,54016,743,0,0,0,0,0,,
298,KA,Karnataka,KA_Vijayapura,Vijayapura,36218,22,35702,494,0,0,0,0,0,,
299,KA,Karnataka,KA_Yadgir,Yadgir,27531,13,27311,207,0,0,0,0,0,,
0,KL,Kerala,KL_Other State,Other State,0,0,0,0,0,0,0,0,0,,
300,KL,Kerala,KL_Alappuzha,Alappuzha,272132,14167,256658,1267,40,0,0,0,0,,
301,KL,Kerala,KL_Ernakulam,Ernakulam,501545,37144,462212,2119,70,0,0,0,0,,
302,KL,Kerala,KL_Idukki,Idukki,114888,12033,102558,289,8,0,0,0,0,,
303,KL,Kerala,KL_Kannur,Kannur,234124,12471,220150,1451,52,0,0,0,0,,
304,KL,Kerala,KL_Kasaragod,Kasaragod,126677,7187,118998,475,17,0,0,0,0,,
305,KL,Kerala,KL_Kollam,Kollam,331737,9192,320816,1672,57,0,0,0,0,,
306,KL,Kerala,KL_Kottayam,Kottayam,266952,11729,254304,903,16,0,0,0,0,,
307,KL,Kerala,KL_Kozhikode,Kozhikode,455999,33048,420633,2274,44,0,0,0,0,,
308,KL,Kerala,KL_Malappuram,Malappuram,510826,30962,477921,1912,31,0,0,0,0,,
309,KL,Kerala,KL_Palakkad,Palakkad,322387,15289,305001,2075,22,0,0,0,0,,
310,KL,Kerala,KL_Pathanamthitta,Pathanamthitta,159009,15377,142952,669,11,0,0,0,0,,
311,KL,Kerala,KL_Thiruvananthapuram,Thiruvananthapuram,380704,16537,360449,3604,114,0,0,0,0,,
312,KL,Kerala,KL_Thrissur,Thrissur,428360,20753,405164,2417,26,0,0,0,0,,
313,KL,Kerala,KL_Wayanad,Wayanad,102498,11935,90180,369,14,0,0,0,0,,
314,LA,Ladakh,LA_Kargil,Kargil,3603,12,3533,58,0,0,0,0,0,,
315,LA,Ladakh,LA_Leh,Leh,16975,47,16779,149,0,0,0,0,0,,
316,LD,Lakshadweep,LD_Lakshadweep,Lakshadweep,10348,13,10243,50,42,0,0,0,0,,
369,MH,Maharashtra,MH_Ahmednagar,Ahmednagar,312879,5701,300589,6588,1,0,0,0,0,,
370,MH,Maharashtra,MH_Akola,Akola,58683,16,57241,1422,4,0,0,0,0,,
371,MH,Maharashtra,MH_Amravati,Amravati,96132,96,94440,1594,2,0,0,0,0,,
372,MH,Maharashtra,MH_Aurangabad,Aurangabad,155101,477,150329,4281,14,0,0,0,0,,
374,MH,Maharashtra,MH_Beed,Beed,101920,781,98419,2713,7,0,0,0,0,,
373,MH,Maharashtra,MH_Bhandara,Bhandara,60061,4,58924,1123,10,0,0,0,0,,
375,MH,Maharashtra,MH_Buldhana,Buldhana,85135,82,84266,781,6,0,0,0,0,,
376,MH,Maharashtra,MH_Chandrapur,Chandrapur,88807,165,87079,1559,4,0,0,0,0,,
377,MH,Maharashtra,MH_Dhule,Dhule,46293,2,45626,654,11,0,0,0,0,,
378,MH,Maharashtra,MH_Gadchiroli,Gadchiroli,30372,34,29637,669,32,0,0,0,0,,
379,MH,Maharashtra,MH_Gondia,Gondia,40548,5,39966,570,7,0,0,0,0,,
380,MH,Maharashtra,MH_Hingoli,Hingoli,18448,43,17900,504,1,0,0,0,0,,
381,MH,Maharashtra,MH_Jalgaon,Jalgaon,139904,70,137093,2709,32,0,0,0,0,,
382,MH,Maharashtra,MH_Jalna,Jalna,60417,27,59186,1203,1,0,0,0,0,,
383,MH,Maharashtra,MH_Kolhapur,Kolhapur,204542,1133,197596,5808,5,0,0,0,0,,
384,MH,Maharashtra,MH_Latur,Latur,91569,430,88714,2419,6,0,0,0,0,,
385,MH,Maharashtra,MH_Mumbai,Mumbai,746341,4003,723904,15993,2441,0,0,0,0,"[Sep 9]After reconciling COVID-19 cases in Mumbai, owing to the removal of duplicates and change of addresses as per the original residence, 239 cases have been removed from the progressive figures.",
386,MH,Maharashtra,MH_Mumbai Suburban,Mumbai Suburban,0,0,0,0,0,0,0,0,0,,
387,MH,Maharashtra,MH_Nagpur,Nagpur,493181,56,483923,9131,71,0,0,0,0,District administration provides number of persons tested instead of the number of samples tested.,
388,MH,Maharashtra,MH_Nanded,Nanded,90759,26,88071,2656,6,0,0,0,0,Number of active cases differs in the state bulletin and district bulletin. We follow the state bulletin.,
389,MH,Maharashtra,MH_Nandurbar,Nandurbar,39983,2,39031,947,3,0,0,0,0,,
390,MH,Maharashtra,MH_Nashik,Nashik,405872,849,396430,8592,1,0,0,0,0,Number of active cases differs in the state bulletin and district bulletin. We follow the state bulletin.,
391,MH,Maharashtra,MH_Osmanabad,Osmanabad,66508,548,63939,1909,112,0,0,0,0,,
0,MH,Maharashtra,MH_Other State,Other State,146,33,0,111,2,0,0,0,0,,
392,MH,Maharashtra,MH_Palghar,Palghar,134754,404,131043,3293,14,0,0,0,0,,
393,MH,Maharashtra,MH_Parbhani,Parbhani,52333,56,51031,1227,19,0,0,0,0,,
394,MH,Maharashtra,MH_Pune,Pune,1123791,12325,1091814,19303,349,0,0,0,0,Number of active cases differs in the state bulletin and district bulletin. We follow the state bulletin.,
395,MH,Maharashtra,MH_Raigad,Raigad,189380,662,184243,4468,7,0,0,0,0,Number of active cases differs in the state bulletin and district bulletin. We follow the state bulletin.,
396,MH,Maharashtra,MH_Ratnagiri,Ratnagiri,76179,1087,72739,2348,5,0,0,0,0,,
397,MH,Maharashtra,MH_Sangli,Sangli,203122,3251,194362,5500,9,0,0,0,0,,
398,MH,Maharashtra,MH_Satara,Satara,241046,6603,228343,6068,32,0,0,0,0,,
399,MH,Maharashtra,MH_Sindhudurg,Sindhudurg,50825,930,48526,1354,15,0,0,0,0,,
400,MH,Maharashtra,MH_Solapur,Solapur,206909,2896,198617,5294,102,0,0,0,0,,
401,MH,Maharashtra,MH_Thane,Thane,597940,7273,579308,11324,35,0,0,0,0,,
402,MH,Maharashtra,MH_Wardha,Wardha,58355,2,56972,1216,165,0,0,0,0,,
403,MH,Maharashtra,MH_Washim,Washim,41672,10,41024,635,3,0,0,0,0,,
404,MH,Maharashtra,MH_Yavatmal,Yavatmal,76267,13,74442,1808,4,0,0,0,0,,
421,ML,Meghalaya,ML_East Garo Hills,East Garo Hills,1822,21,1792,9,0,0,0,0,0,,
422,ML,Meghalaya,ML_East Jaintia Hills,East Jaintia Hills,2346,46,2270,30,0,0,0,0,0,,
423,ML,Meghalaya,ML_East Khasi Hills,East Khasi Hills,37600,1097,35584,919,0,0,0,0,0,,
424,ML,Meghalaya,ML_North Garo Hills,North Garo Hills,1661,5,1648,8,0,0,0,0,0,,
425,ML,Meghalaya,ML_Ribhoi,Ribhoi,9150,201,8873,76,0,0,0,0,0,,
426,ML,Meghalaya,ML_South Garo Hills,South Garo Hills,1207,5,1190,12,0,0,0,0,0,,
427,ML,Meghalaya,ML_South West Garo Hills,South West Garo Hills,1843,11,1815,17,0,0,0,0,0,,
428,ML,Meghalaya,ML_South West Khasi Hills,South West Khasi Hills,2349,141,2194,14,0,0,0,0,0,,
429,ML,Meghalaya,ML_West Garo Hills,West Garo Hills,8874,82,8721,71,0,0,0,0,0,,
430,ML,Meghalaya,ML_West Jaintia Hills,West Jaintia Hills,6159,187,5857,115,0,0,0,0,0,,
431,ML,Meghalaya,ML_West Khasi Hills,West Khasi Hills,4010,438,3514,58,0,0,0,0,0,,
0,MN,Manipur,MN_CAPF Personnel,CAPF Personnel,3325,1642,1681,2,0,0,0,0,0,,
405,MN,Manipur,MN_Bishnupur,Bishnupur,8700,8468,58,174,0,0,0,0,0,,
406,MN,Manipur,MN_Chandel,Chandel,1832,1795,4,33,0,0,0,0,0,,
407,MN,Manipur,MN_Churachandpur,Churachandpur,9230,9024,58,148,0,0,0,0,0,,
408,MN,Manipur,MN_Imphal East,Imphal East,24724,24167,150,407,0,0,0,0,0,,
409,MN,Manipur,MN_Imphal West,Imphal West,38004,37398,52,554,0,0,0,0,0,,
410,MN,Manipur,MN_Jiribam,Jiribam,903,895,2,6,0,0,0,0,0,,
411,MN,Manipur,MN_Kakching,Kakching,6130,5995,27,108,0,0,0,0,0,,
412,MN,Manipur,MN_Kamjong,Kamjong,667,647,17,3,0,0,0,0,0,,
413,MN,Manipur,MN_Kangpokpi,Kangpokpi,2071,2000,19,52,0,0,0,0,0,,
414,MN,Manipur,MN_Noney,Noney,933,911,18,4,0,0,0,0,0,,
415,MN,Manipur,MN_Pherzawl,Pherzawl,418,403,15,0,0,0,0,0,0,,
416,MN,Manipur,MN_Senapati,Senapati,1825,1796,21,8,0,0,0,0,0,,
417,MN,Manipur,MN_Tamenglong,Tamenglong,3054,3010,32,12,0,0,0,0,0,,
418,MN,Manipur,MN_Tengnoupal,Tengnoupal,861,837,13,11,0,0,0,0,0,,
419,MN,Manipur,MN_Thoubal,Thoubal,8988,8811,23,154,0,0,0,0,0,,
420,MN,Manipur,MN_Ukhrul,Ukhrul,2037,1990,18,29,0,0,0,0,0,,
317,MP,Madhya Pradesh,MP_Agar Malwa,Agar Malwa,3303,0,3235,68,0,0,0,0,0,,
318,MP,Madhya Pradesh,MP_Alirajpur,Alirajpur,3504,3,3453,48,0,0,0,0,0,,
319,MP,Madhya Pradesh,MP_Anuppur,Anuppur,9231,2,9140,89,0,0,0,0,0,,
320,MP,Madhya Pradesh,MP_Ashoknagar,Ashoknagar,3670,0,3613,57,0,0,0,0,0,,
321,MP,Madhya Pradesh,MP_Balaghat,Balaghat,9093,12,9017,64,0,0,0,0,0,,
322,MP,Madhya Pradesh,MP_Barwani,Barwani,8363,6,8267,90,0,0,0,0,0,,
323,MP,Madhya Pradesh,MP_Betul,Betul,12902,35,12590,277,0,0,0,0,0,,
324,MP,Madhya Pradesh,MP_Bhind,Bhind,2994,2,2960,32,0,0,0,0,0,,
325,MP,Madhya Pradesh,MP_Bhopal,Bhopal,123385,292,122121,972,0,0,0,0,0,,
326,MP,Madhya Pradesh,MP_Burhanpur,Burhanpur,2568,0,2529,39,0,0,0,0,0,,
327,MP,Madhya Pradesh,MP_Chhatarpur,Chhatarpur,7607,10,7506,91,0,0,0,0,0,,
328,MP,Madhya Pradesh,MP_Chhindwara,Chhindwara,6732,0,6612,120,0,0,0,0,0,,
329,MP,Madhya Pradesh,MP_Damoh,Damoh,8120,93,7841,186,0,0,0,0,0,,
330,MP,Madhya Pradesh,MP_Datia,Datia,6958,6,6874,78,0,0,0,0,0,,
331,MP,Madhya Pradesh,MP_Dewas,Dewas,7723,0,7672,51,0,0,0,0,0,,
332,MP,Madhya Pradesh,MP_Dhar,Dhar,12546,28,12388,130,0,0,0,0,0,,
333,MP,Madhya Pradesh,MP_Dindori,Dindori,4623,6,4588,29,0,0,0,0,0,,
335,MP,Madhya Pradesh,MP_Guna,Guna,5132,3,5085,44,0,0,0,0,0,,
336,MP,Madhya Pradesh,MP_Gwalior,Gwalior,53100,40,52427,633,0,0,0,0,0,,
337,MP,Madhya Pradesh,MP_Harda,Harda,5055,5,4954,96,0,0,0,0,0,,
338,MP,Madhya Pradesh,MP_Hoshangabad,Hoshangabad,10682,13,10570,99,0,0,0,0,0,,
339,MP,Madhya Pradesh,MP_Indore,Indore,153069,268,151410,1391,0,0,0,0,0,,
340,MP,Madhya Pradesh,MP_Jabalpur,Jabalpur,50703,137,49896,670,0,0,0,0,0,,
341,MP,Madhya Pradesh,MP_Jhabua,Jhabua,7688,5,7619,64,0,0,0,0,0,,
342,MP,Madhya Pradesh,MP_Katni,Katni,9365,3,9242,120,0,0,0,0,0,,
334,MP,Madhya Pradesh,MP_Khandwa,Khandwa,4040,0,3946,94,0,0,0,0,0,,
368,MP,Madhya Pradesh,MP_Khargone,Khargone,13970,15,13716,239,0,0,0,0,0,,
343,MP,Madhya Pradesh,MP_Mandla,Mandla,5188,4,5159,25,0,0,0,0,0,,
344,MP,Madhya Pradesh,MP_Mandsaur,Mandsaur,8637,1,8552,84,0,0,0,0,0,,
345,MP,Madhya Pradesh,MP_Morena,Morena,8236,6,8135,95,0,0,0,0,0,,
346,MP,Madhya Pradesh,MP_Narsinghpur,Narsinghpur,11200,4,11115,81,0,0,0,0,0,,
347,MP,Madhya Pradesh,MP_Neemuch,Neemuch,7925,13,7828,84,0,0,0,0,0,,
348,MP,Madhya Pradesh,MP_Niwari,Niwari,3711,9,3654,48,0,0,0,0,0,,
0,MP,Madhya Pradesh,MP_Other Region,Other Region,0,0,0,0,0,0,0,0,0,,
349,MP,Madhya Pradesh,MP_Panna,Panna,7324,11,7250,63,0,0,0,0,0,,
350,MP,Madhya Pradesh,MP_Raisen,Raisen,9237,13,9030,194,0,0,0,0,0,,
351,MP,Madhya Pradesh,MP_Rajgarh,Rajgarh,8712,50,8490,172,0,0,0,0,0,,
352,MP,Madhya Pradesh,MP_Ratlam,Ratlam,17857,34,17438,385,0,0,0,0,0,,
353,MP,Madhya Pradesh,MP_Rewa,Rewa,16433,8,16270,155,0,0,0,0,0,,
354,MP,Madhya Pradesh,MP_Sagar,Sagar,16605,61,16154,390,0,0,0,0,0,,
355,MP,Madhya Pradesh,MP_Satna,Satna,11965,3,11829,133,0,0,0,0,0,,
356,MP,Madhya Pradesh,MP_Sehore,Sehore,10136,6,10057,73,0,0,0,0,0,,
357,MP,Madhya Pradesh,MP_Seoni,Seoni,6774,7,6739,28,0,0,0,0,0,,
358,MP,Madhya Pradesh,MP_Shahdol,Shahdol,10080,4,9958,118,0,0,0,0,0,,
359,MP,Madhya Pradesh,MP_Shajapur,Shajapur,6349,2,6273,74,0,0,0,0,0,,
360,MP,Madhya Pradesh,MP_Sheopur,Sheopur,4000,3,3919,78,0,0,0,0,0,,
361,MP,Madhya Pradesh,MP_Shivpuri,Shivpuri,12393,7,12261,125,0,0,0,0,0,,
362,MP,Madhya Pradesh,MP_Sidhi,Sidhi,9219,0,9132,87,0,0,0,0,0,,
363,MP,Madhya Pradesh,MP_Singrauli,Singrauli,8794,6,8706,82,0,0,0,0,0,,
364,MP,Madhya Pradesh,MP_Tikamgarh,Tikamgarh,6863,7,6742,114,0,0,0,0,0,,
365,MP,Madhya Pradesh,MP_Ujjain,Ujjain,18899,7,18720,172,0,0,0,0,0,,
366,MP,Madhya Pradesh,MP_Umaria,Umaria,6293,6,6224,63,0,0,0,0,0,,
367,MP,Madhya Pradesh,MP_Vidisha,Vidisha,11919,5,11677,237,0,0,0,0,0,,
432,MZ,Mizoram,MZ_Aizawl,Aizawl,41361,5972,35216,173,0,0,0,0,0,,
433,MZ,Mizoram,MZ_Champhai,Champhai,1564,584,979,1,0,0,0,0,0,,
729,MZ,Mizoram,MZ_Hnahthial,Hnahthial,272,31,241,0,0,0,0,0,0,,
730,MZ,Mizoram,MZ_Khawzawl,Khawzawl,267,148,119,0,0,0,0,0,0,,
434,MZ,Mizoram,MZ_Kolasib,Kolasib,5701,824,4856,21,0,0,0,0,0,,
435,MZ,Mizoram,MZ_Lawngtlai,Lawngtlai,4101,707,3379,15,0,0,0,0,0,,
436,MZ,Mizoram,MZ_Lunglei,Lunglei,4891,732,4155,4,0,0,0,0,0,,
437,MZ,Mizoram,MZ_Mamit,Mamit,2573,631,1939,3,0,0,0,0,0,,
438,MZ,Mizoram,MZ_Saiha,Saiha,1676,318,1357,1,0,0,0,0,0,,
728,MZ,Mizoram,MZ_Saitual,Saitual,266,19,245,2,0,0,0,0,0,,
439,MZ,Mizoram,MZ_Serchhip,Serchhip,1112,129,980,3,0,0,0,0,0,,
0,NL,Nagaland,NL_Others,Others,0,0,0,0,0,0,0,0,0,,
440,NL,Nagaland,NL_Dimapur,Dimapur,13931,336,12596,381,618,0,0,0,0,,
441,NL,Nagaland,NL_Kiphire,Kiphire,243,8,226,8,1,0,0,0,0,,
442,NL,Nagaland,NL_Kohima,Kohima,9132,131,8723,115,163,0,0,0,0,,
443,NL,Nagaland,NL_Longleng,Longleng,289,9,262,2,16,0,0,0,0,,
444,NL,Nagaland,NL_Mokokchung,Mokokchung,2194,120,1970,50,54,0,0,0,0,,
445,NL,Nagaland,NL_Mon,Mon,1145,40,1075,13,17,0,0,0,0,,
446,NL,Nagaland,NL_Peren,Peren,901,9,881,4,7,0,0,0,0,,
447,NL,Nagaland,NL_Phek,Phek,538,43,471,17,7,0,0,0,0,,
448,NL,Nagaland,NL_Tuensang,Tuensang,1006,3,989,11,3,0,0,0,0,,
449,NL,Nagaland,NL_Wokha,Wokha,362,14,324,11,13,0,0,0,0,,
450,NL,Nagaland,NL_Zunheboto,Zunheboto,615,23,567,14,11,0,0,0,0,,
0,OR,Odisha,OR_State Pool,State Pool,28925,598,28327,0,0,0,0,0,0,,
0,OR,Odisha,OR_Others,Others,0,0,0,0,0,0,0,0,0,,
451,OR,Odisha,OR_Angul,Angul,43604,78,43149,377,0,0,0,0,0,,
452,OR,Odisha,OR_Balangir,Balangir,23310,18,23167,125,0,0,0,0,0,,
453,OR,Odisha,OR_Balasore,Balasore,39659,376,38994,289,0,0,0,0,0,,
454,OR,Odisha,OR_Bargarh,Bargarh,30966,47,30585,334,0,0,0,0,0,,
456,OR,Odisha,OR_Bhadrak,Bhadrak,26077,114,25819,144,0,0,0,0,0,,
455,OR,Odisha,OR_Boudh,Boudh,12589,44,12434,111,0,0,0,0,0,,
457,OR,Odisha,OR_Cuttack,Cuttack,91130,790,89525,815,0,0,0,0,0,,
458,OR,Odisha,OR_Deogarh,Deogarh,6417,68,6299,50,0,0,0,0,0,,
459,OR,Odisha,OR_Dhenkanal,Dhenkanal,19630,162,19229,239,0,0,0,0,0,,
460,OR,Odisha,OR_Gajapati,Gajapati,9564,6,9474,84,0,0,0,0,0,,
461,OR,Odisha,OR_Ganjam,Ganjam,33644,36,33129,479,0,0,0,0,0,,
462,OR,Odisha,OR_Jagatsinghpur,Jagatsinghpur,26879,145,26442,292,0,0,0,0,0,,
463,OR,Odisha,OR_Jajpur,Jajpur,42712,276,42278,158,0,0,0,0,0,,
464,OR,Odisha,OR_Jharsuguda,Jharsuguda,23705,21,23509,175,0,0,0,0,0,,
465,OR,Odisha,OR_Kalahandi,Kalahandi,24251,19,24023,209,0,0,0,0,0,,
466,OR,Odisha,OR_Kandhamal,Kandhamal,11494,23,11389,82,0,0,0,0,0,,
467,OR,Odisha,OR_Kendrapara,Kendrapara,24309,140,23926,243,0,0,0,0,0,,
468,OR,Odisha,OR_Kendujhar,Kendujhar,20836,64,20603,169,0,0,0,0,0,,
469,OR,Odisha,OR_Khordha,Khordha,161891,2492,157924,1475,0,0,0,0,0,,
470,OR,Odisha,OR_Koraput,Koraput,18964,26,18863,75,0,0,0,0,0,,
471,OR,Odisha,OR_Malkangiri,Malkangiri,11612,25,11539,48,0,0,0,0,0,,
472,OR,Odisha,OR_Mayurbhanj,Mayurbhanj,39719,205,39239,275,0,0,0,0,0,,
473,OR,Odisha,OR_Nabarangapur,Nabarangapur,23506,15,23415,76,0,0,0,0,0,,
474,OR,Odisha,OR_Nayagarh,Nayagarh,23239,82,22951,206,0,0,0,0,0,,
475,OR,Odisha,OR_Nuapada,Nuapada,22849,10,22755,84,0,0,0,0,0,,
476,OR,Odisha,OR_Puri,Puri,44658,173,44041,444,0,0,0,0,0,,
477,OR,Odisha,OR_Rayagada,Rayagada,20015,66,19782,167,0,0,0,0,0,,
478,OR,Odisha,OR_Sambalpur,Sambalpur,31005,101,30664,240,0,0,0,0,0,,
479,OR,Odisha,OR_Subarnapur,Subarnapur,13137,21,13057,59,0,0,0,0,0,,
480,OR,Odisha,OR_Sundargarh,Sundargarh,61262,154,60532,576,0,0,0,0,0,,
485,PB,Punjab,PB_Amritsar,Amritsar,47250,16,45645,1589,0,0,0,0,0,,
486,PB,Punjab,PB_Barnala,Barnala,5927,14,5670,243,0,0,0,0,0,,
487,PB,Punjab,PB_Bathinda,Bathinda,41644,29,40574,1041,0,0,0,0,0,,
488,PB,Punjab,PB_Faridkot,Faridkot,13878,13,13552,313,0,0,0,0,0,,
489,PB,Punjab,PB_Fatehgarh Sahib,Fatehgarh Sahib,8822,4,8516,302,0,0,0,0,0,,
490,PB,Punjab,PB_Fazilka,Fazilka,20210,6,19677,527,0,0,0,0,0,,
491,PB,Punjab,PB_Ferozepur,Ferozepur,14298,10,13786,502,0,0,0,0,0,,
492,PB,Punjab,PB_Gurdaspur,Gurdaspur,22295,13,21483,799,0,0,0,0,0,,
493,PB,Punjab,PB_Hoshiarpur,Hoshiarpur,30741,24,29736,981,0,0,0,0,0,,
494,PB,Punjab,PB_Jalandhar,Jalandhar,63243,28,61721,1494,0,0,0,0,0,,
495,PB,Punjab,PB_Kapurthala,Kapurthala,17807,6,17247,554,0,0,0,0,0,,
496,PB,Punjab,PB_Ludhiana,Ludhiana,87483,23,85363,2097,0,0,0,0,0,,
497,PB,Punjab,PB_Mansa,Mansa,15598,3,15228,367,0,0,0,0,0,,
498,PB,Punjab,PB_Moga,Moga,8642,7,8402,233,0,0,0,0,0,,
499,PB,Punjab,PB_Pathankot,Pathankot,18677,26,18234,417,0,0,0,0,0,,
500,PB,Punjab,PB_Patiala,Patiala,48824,22,47455,1347,0,0,0,0,0,,
501,PB,Punjab,PB_Rupnagar,Rupnagar,12896,10,12467,419,0,0,0,0,0,,
502,PB,Punjab,PB_S.A.S. Nagar,S.A.S. Nagar,68634,49,67525,1060,0,0,0,0,0,,
503,PB,Punjab,PB_Sangrur,Sangrur,15726,10,14844,872,0,0,0,0,0,,
504,PB,Punjab,PB_Shahid Bhagat Singh Nagar,Shahid Bhagat Singh Nagar,11450,7,11062,381,0,0,0,0,0,,
505,PB,Punjab,PB_Sri Muktsar Sahib,Sri Muktsar Sahib,18757,11,18223,523,0,0,0,0,0,,
506,PB,Punjab,PB_Tarn Taran,Tarn Taran,8011,10,7623,378,0,0,0,0,0,,
481,PY,Puducherry,PY_Karaikal,Karaikal,15565,211,15116,238,0,0,0,0,0,"2 case of TN has been transferred,so has been reduced from the total count.",
482,PY,Puducherry,PY_Mahe,Mahe,5409,126,5241,42,0,0,0,0,0,"1 case of KL have been transferred,so have been reduced from the total count",
483,PY,Puducherry,PY_Puducherry,Puducherry,96482,588,94462,1432,0,0,0,0,0,"209 cases(204 of TN, 1 of AP and 4 other) have been transferred,so have been reduced from the total count.[July 18]4 cases have transferred to TN and have been reduced from recovered cases.",
484,PY,Puducherry,PY_Yanam,Yanam,6696,36,6555,105,0,0,0,0,0,"2 cases of AP have been transferred,so have been reduced from the total count",
507,RJ,Rajasthan,RJ_Ajmer,Ajmer,37729,7,37312,410,0,0,0,0,0,,
508,RJ,Rajasthan,RJ_Alwar,Alwar,59685,5,59373,307,0,0,0,0,0,,
509,RJ,Rajasthan,RJ_Banswara,Banswara,10005,0,9901,104,0,0,0,0,0,,
510,RJ,Rajasthan,RJ_Baran,Baran,11995,1,11933,61,0,0,0,0,0,,
511,RJ,Rajasthan,RJ_Barmer,Barmer,15551,0,15366,185,0,0,0,0,0,,
512,RJ,Rajasthan,RJ_Bharatpur,Bharatpur,19595,0,19335,260,0,0,0,0,0,,
513,RJ,Rajasthan,RJ_Bhilwara,Bhilwara,29777,0,29621,156,0,0,0,0,0,,
514,RJ,Rajasthan,RJ_Bikaner,Bikaner,40321,4,39772,545,0,0,0,0,0,,
0,RJ,Rajasthan,RJ_BSF Camp,BSF Camp,85,0,85,0,0,0,0,0,0,,
515,RJ,Rajasthan,RJ_Bundi,Bundi,7967,0,7919,48,0,0,0,0,0,,
516,RJ,Rajasthan,RJ_Chittorgarh,Chittorgarh,19809,0,19670,139,0,0,0,0,0,,
517,RJ,Rajasthan,RJ_Churu,Churu,16720,1,16612,107,0,0,0,0,0,,
518,RJ,Rajasthan,RJ_Dausa,Dausa,13351,0,13289,62,0,0,0,0,0,,
519,RJ,Rajasthan,RJ_Dholpur,Dholpur,11007,0,10959,48,0,0,0,0,0,,
520,RJ,Rajasthan,RJ_Dungarpur,Dungarpur,18407,0,18276,131,0,0,0,0,0,,
0,RJ,Rajasthan,RJ_Evacuees,Evacuees,61,0,61,0,0,0,0,0,0,,
521,RJ,Rajasthan,RJ_Ganganagar,Ganganagar,19342,2,19190,150,0,0,0,0,0,,
522,RJ,Rajasthan,RJ_Hanumangarh,Hanumangarh,16052,1,15940,111,0,0,0,0,0,,
0,RJ,Rajasthan,RJ_Italians,Italians,2,0,2,0,0,0,0,0,0,,
523,RJ,Rajasthan,RJ_Jaipur,Jaipur,187697,39,185688,1970,0,0,0,0,0,,
524,RJ,Rajasthan,RJ_Jaisalmer,Jaisalmer,13639,0,13573,66,0,0,0,0,0,,
525,RJ,Rajasthan,RJ_Jalore,Jalore,10067,2,9993,72,0,0,0,0,0,,
526,RJ,Rajasthan,RJ_Jhalawar,Jhalawar,13607,1,13419,187,0,0,0,0,0,,
527,RJ,Rajasthan,RJ_Jhunjhunu,Jhunjhunu,14803,1,14644,158,0,0,0,0,0,,
528,RJ,Rajasthan,RJ_Jodhpur,Jodhpur,112385,5,111277,1103,0,0,0,0,0,,
529,RJ,Rajasthan,RJ_Karauli,Karauli,7156,0,7086,70,0,0,0,0,0,,
530,RJ,Rajasthan,RJ_Kota,Kota,57052,1,56602,449,0,0,0,0,0,,
531,RJ,Rajasthan,RJ_Nagaur,Nagaur,17733,1,17555,177,0,0,0,0,0,,
0,RJ,Rajasthan,RJ_Other State,Other State,189,0,150,39,0,0,0,0,0,,
532,RJ,Rajasthan,RJ_Pali,Pali,27316,0,27029,287,0,0,0,0,0,,
533,RJ,Rajasthan,RJ_Pratapgarh,Pratapgarh,7143,0,7080,63,0,0,0,0,0,,
534,RJ,Rajasthan,RJ_Rajsamand,Rajsamand,17043,2,16872,169,0,0,0,0,0,,
535,RJ,Rajasthan,RJ_Sawai Madhopur,Sawai Madhopur,10613,0,10552,61,0,0,0,0,0,,
536,RJ,Rajasthan,RJ_Sikar,Sikar,30611,2,30274,335,0,0,0,0,0,,
537,RJ,Rajasthan,RJ_Sirohi,Sirohi,13729,0,13650,79,0,0,0,0,0,,
538,RJ,Rajasthan,RJ_Tonk,Tonk,9496,0,9404,92,0,0,0,0,0,,
539,RJ,Rajasthan,RJ_Udaipur,Udaipur,56389,7,55629,753,0,0,0,0,0,,
540,SK,Sikkim,SK_East Sikkim,East Sikkim,16687,11544,4917,148,78,0,0,0,0,,
541,SK,Sikkim,SK_North Sikkim,North Sikkim,822,740,72,1,9,0,0,0,0,,
542,SK,Sikkim,SK_South Sikkim,South Sikkim,6561,6106,438,2,15,0,0,0,0,,
543,SK,Sikkim,SK_West Sikkim,West Sikkim,5589,5408,137,19,25,0,0,0,0,,
0,TG,Telangana,TG_Foreign Evacuees,Foreign Evacuees,33,33,0,0,0,0,0,0,0,District-wise numbers are out-dated as cumulative counts for each district are not reported in Telangana bulletin,
0,TG,Telangana,TG_Other State,Other State,250,250,0,0,0,0,0,0,0,District-wise numbers are out-dated as cumulative counts for each district are not reported in Telangana bulletin,
576,TG,Telangana,TG_Adilabad,Adilabad,7167,7152,15,0,0,0,0,0,0,District-wise numbers are out-dated as cumulative counts for each district are not reported in Telangana bulletin,
577,TG,Telangana,TG_Bhadradri Kothagudem,Bhadradri Kothagudem,18508,18504,4,0,0,0,0,0,0,District-wise numbers are out-dated as cumulative counts for each district are not reported in Telangana bulletin,
578,TG,Telangana,TG_Hyderabad,Hyderabad,138704,138376,305,23,0,0,0,0,0,District-wise numbers are out-dated as cumulative counts for each district are not reported in Telangana bulletin,
579,TG,Telangana,TG_Jagtial,Jagtial,17275,17273,2,0,0,0,0,0,0,District-wise numbers are out-dated as cumulative counts for each district are not reported in Telangana bulletin,
580,TG,Telangana,TG_Jangaon,Jangaon,7641,7640,1,0,0,0,0,0,0,District-wise numbers are out-dated as cumulative counts for each district are not reported in Telangana bulletin,
581,TG,Telangana,TG_Jayashankar Bhupalapally,Jayashankar Bhupalapally,6825,6825,0,0,0,0,0,0,0,District-wise numbers are out-dated as cumulative counts for each district are not reported in Telangana bulletin,
582,TG,Telangana,TG_Jogulamba Gadwal,Jogulamba Gadwal,7222,7196,25,1,0,0,0,0,0,District-wise numbers are out-dated as cumulative counts for each district are not reported in Telangana bulletin,
583,TG,Telangana,TG_Kamareddy,Kamareddy,11558,11550,8,0,0,0,0,0,0,District-wise numbers are out-dated as cumulative counts for each district are not reported in Telangana bulletin,
584,TG,Telangana,TG_Karimnagar,Karimnagar,30120,30104,16,0,0,0,0,0,0,District-wise numbers are out-dated as cumulative counts for each district are not reported in Telangana bulletin,
585,TG,Telangana,TG_Khammam,Khammam,27370,27367,3,0,0,0,0,0,0,District-wise numbers are out-dated as cumulative counts for each district are not reported in Telangana bulletin,
586,TG,Telangana,TG_Komaram Bheem,Komaram Bheem,4501,4499,2,0,0,0,0,0,0,District-wise numbers are out-dated as cumulative counts for each district are not reported in Telangana bulletin,
587,TG,Telangana,TG_Mahabubabad,Mahabubabad,13008,13007,1,0,0,0,0,0,0,District-wise numbers are out-dated as cumulative counts for each district are not reported in Telangana bulletin,
588,TG,Telangana,TG_Mahabubnagar,Mahabubnagar,16331,16323,8,0,0,0,0,0,0,District-wise numbers are out-dated as cumulative counts for each district are not reported in Telangana bulletin,
589,TG,Telangana,TG_Mancherial,Mancherial,16111,16110,0,1,0,0,0,0,0,District-wise numbers are out-dated as cumulative counts for each district are not reported in Telangana bulletin,
590,TG,Telangana,TG_Medak,Medak,8441,8437,4,0,0,0,0,0,0,District-wise numbers are out-dated as cumulative counts for each district are not reported in Telangana bulletin,
591,TG,Telangana,TG_Medchal Malkajgiri,Medchal Malkajgiri,45438,45428,9,1,0,0,0,0,0,District-wise numbers are out-dated as cumulative counts for each district are not reported in Telangana bulletin,
592,TG,Telangana,TG_Mulugu,Mulugu,6664,6662,2,0,0,0,0,0,0,District-wise numbers are out-dated as cumulative counts for each district are not reported in Telangana bulletin,
593,TG,Telangana,TG_Nagarkurnool,Nagarkurnool,12283,12281,2,0,0,0,0,0,0,District-wise numbers are out-dated as cumulative counts for each district are not reported in Telangana bulletin,
594,TG,Telangana,TG_Nalgonda,Nalgonda,29146,29134,12,0,0,0,0,0,0,District-wise numbers are out-dated as cumulative counts for each district are not reported in Telangana bulletin,
595,TG,Telangana,TG_Narayanpet,Narayanpet,3289,3288,0,1,0,0,0,0,0,District-wise numbers are out-dated as cumulative counts for each district are not reported in Telangana bulletin,
596,TG,Telangana,TG_Nirmal,Nirmal,7258,7245,13,0,0,0,0,0,0,District-wise numbers are out-dated as cumulative counts for each district are not reported in Telangana bulletin,
597,TG,Telangana,TG_Nizamabad,Nizamabad,20882,20852,30,0,0,0,0,0,0,District-wise numbers are out-dated as cumulative counts for each district are not reported in Telangana bulletin,
598,TG,Telangana,TG_Peddapalli,Peddapalli,15782,15781,1,0,0,0,0,0,0,District-wise numbers are out-dated as cumulative counts for each district are not reported in Telangana bulletin,
599,TG,Telangana,TG_Rajanna Sircilla,Rajanna Sircilla,12139,12137,2,0,0,0,0,0,0,District-wise numbers are out-dated as cumulative counts for each district are not reported in Telangana bulletin,
600,TG,Telangana,TG_Ranga Reddy,Ranga Reddy,48792,48773,17,2,0,0,0,0,0,District-wise numbers are out-dated as cumulative counts for each district are not reported in Telangana bulletin,
601,TG,Telangana,TG_Sangareddy,Sangareddy,19129,19123,6,0,0,0,0,0,0,District-wise numbers are out-dated as cumulative counts for each district are not reported in Telangana bulletin,
602,TG,Telangana,TG_Siddipet,Siddipet,19375,19374,1,0,0,0,0,0,0,District-wise numbers are out-dated as cumulative counts for each district are not reported in Telangana bulletin,
603,TG,Telangana,TG_Suryapet,Suryapet,17563,17539,24,0,0,0,0,0,0,District-wise numbers are out-dated as cumulative counts for each district are not reported in Telangana bulletin,
604,TG,Telangana,TG_Vikarabad,Vikarabad,10981,10965,15,1,0,0,0,0,0,District-wise numbers are out-dated as cumulative counts for each district are not reported in Telangana bulletin,
605,TG,Telangana,TG_Wanaparthy,Wanaparthy,9741,9741,0,0,0,0,0,0,0,District-wise numbers are out-dated as cumulative counts for each district are not reported in Telangana bulletin,
606,TG,Telangana,TG_Warangal Rural,Warangal Rural,10694,10694,0,0,0,0,0,0,0,District-wise numbers are out-dated as cumulative counts for each district are not reported in Telangana bulletin,
607,TG,Telangana,TG_Warangal Urban,Warangal Urban,26642,26619,23,0,0,0,0,0,0,District-wise numbers are out-dated as cumulative counts for each district are not reported in Telangana bulletin,
608,TG,Telangana,TG_Yadadri Bhuvanagiri,Yadadri Bhuvanagiri,11307,11307,0,0,0,0,0,0,0,District-wise numbers are out-dated as cumulative counts for each district are not reported in Telangana bulletin,
0,TN,Tamil Nadu,TN_Railway Quarantine,Railway Quarantine,428,0,428,0,0,0,0,0,0,,
0,TN,Tamil Nadu,TN_Airport Quarantine,Airport Quarantine,2105,5,2098,2,0,0,0,0,0,,
0,TN,Tamil Nadu,TN_Other State,Other State,0,0,0,0,0,0,0,0,0,,
544,TN,Tamil Nadu,TN_Ariyalur,Ariyalur,16414,155,16009,250,0,0,0,0,0,,
732,TN,Tamil Nadu,TN_Chengalpattu,Chengalpattu,165904,1080,162391,2433,0,0,0,0,0,,
545,TN,Tamil Nadu,TN_Chennai,Chennai,544983,1745,534828,8410,0,0,0,0,0,[July 22]: 444 backdated deceased entries added to Chennai in TN bulletin.,
546,TN,Tamil Nadu,TN_Coimbatore,Coimbatore,237203,2211,232712,2280,0,0,0,0,0,,
547,TN,Tamil Nadu,TN_Cuddalore,Cuddalore,62520,462,61218,840,0,0,0,0,0,,
548,TN,Tamil Nadu,TN_Dharmapuri,Dharmapuri,26964,231,26485,248,0,0,0,0,0,,
549,TN,Tamil Nadu,TN_Dindigul,Dindigul,32524,93,31799,632,0,0,0,0,0,,
550,TN,Tamil Nadu,TN_Erode,Erode,98995,1267,97068,660,0,0,0,0,0,,
734,TN,Tamil Nadu,TN_Kallakurichi,Kallakurichi,30212,275,29736,201,0,0,0,0,0,,
551,TN,Tamil Nadu,TN_Kancheepuram,Kancheepuram,73021,366,71425,1230,0,0,0,0,0,,
552,TN,Tamil Nadu,TN_Kanyakumari,Kanyakumari,61099,277,59787,1035,0,0,0,0,0,,
553,TN,Tamil Nadu,TN_Karur,Karur,23176,154,22670,352,0,0,0,0,0,,
554,TN,Tamil Nadu,TN_Krishnagiri,Krishnagiri,42166,213,41622,331,0,0,0,0,0,,
555,TN,Tamil Nadu,TN_Madurai,Madurai,74069,143,72769,1157,0,0,0,0,0,,
556,TN,Tamil Nadu,TN_Nagapattinam,Nagapattinam,19796,315,19176,305,0,0,0,0,0,,
557,TN,Tamil Nadu,TN_Namakkal,Namakkal,49150,550,48126,474,0,0,0,0,0,,
564,TN,Tamil Nadu,TN_Nilgiris,Nilgiris,31891,307,31389,195,0,0,0,0,0,,
558,TN,Tamil Nadu,TN_Perambalur,Perambalur,11742,77,11435,230,0,0,0,0,0,,
559,TN,Tamil Nadu,TN_Pudukkottai,Pudukkottai,29218,262,28562,394,0,0,0,0,0,,
560,TN,Tamil Nadu,TN_Ramanathapuram,Ramanathapuram,20212,45,19815,352,0,0,0,0,0,,
733,TN,Tamil Nadu,TN_Ranipet,Ranipet,42632,162,41714,756,0,0,0,0,0,,
561,TN,Tamil Nadu,TN_Salem,Salem,96423,635,94152,1636,0,0,0,0,0,,
562,TN,Tamil Nadu,TN_Sivaganga,Sivaganga,19454,188,19065,201,0,0,0,0,0,,
731,TN,Tamil Nadu,TN_Tenkasi,Tenkasi,27129,111,26534,484,0,0,0,0,0,,
563,TN,Tamil Nadu,TN_Thanjavur,Thanjavur,71290,790,69607,893,0,0,0,0,0,,
565,TN,Tamil Nadu,TN_Theni,Theni,43237,75,42647,515,0,0,0,0,0,,
566,TN,Tamil Nadu,TN_Thiruvallur,Thiruvallur,116169,752,113622,1795,0,0,0,0,0,,
567,TN,Tamil Nadu,TN_Thiruvarur,Thiruvarur,39202,366,38442,394,0,0,0,0,0,,
568,TN,Tamil Nadu,TN_Thoothukkudi,Thoothukkudi,55542,126,55016,400,0,0,0,0,0,,
569,TN,Tamil Nadu,TN_Tiruchirappalli,Tiruchirappalli,74657,560,73084,1013,0,0,0,0,0,,
570,TN,Tamil Nadu,TN_Tirunelveli,Tirunelveli,48505,140,47935,430,0,0,0,0,0,,
735,TN,Tamil Nadu,TN_Tirupathur,Tirupathur,28634,120,27900,614,0,0,0,0,0,,
571,TN,Tamil Nadu,TN_Tiruppur,Tiruppur,90741,754,89055,932,0,0,0,0,0,,
572,TN,Tamil Nadu,TN_Tiruvannamalai,Tiruvannamalai,53531,354,52521,656,0,0,0,0,0,,
573,TN,Tamil Nadu,TN_Vellore,Vellore,48928,233,47584,1111,0,0,0,0,0,,
574,TN,Tamil Nadu,TN_Viluppuram,Viluppuram,44937,300,44286,351,0,0,0,0,0,,
575,TN,Tamil Nadu,TN_Virudhunagar,Virudhunagar,45788,71,45173,544,0,0,0,0,0,,
736,TN,Tamil Nadu,TN_Mayiladuthurai,Mayiladuthurai,22087,312,21493,282,0,0,0,0,0,,
609,TR,Tripura,TR_Dhalai,Dhalai,6990,28,6926,35,1,0,0,0,0,,
610,TR,Tripura,TR_Gomati,Gomati,8015,37,7900,74,4,0,0,0,0,,
611,TR,Tripura,TR_Khowai,Khowai,4529,16,4460,53,0,0,0,0,0,,
612,TR,Tripura,TR_North Tripura,North Tripura,7135,70,7026,32,7,0,0,0,0,,
613,TR,Tripura,TR_Sipahijala,Sipahijala,6270,35,6160,74,1,0,0,0,0,,
614,TR,Tripura,TR_South Tripura,South Tripura,10090,73,9961,53,3,0,0,0,0,,
615,TR,Tripura,TR_Unokoti,Unokoti,8538,99,8368,67,4,0,0,0,0,,
616,TR,Tripura,TR_West Tripura,West Tripura,31714,434,30825,412,43,0,0,0,0,,
617,UP,Uttar Pradesh,UP_Agra,Agra,25747,6,25284,457,0,0,0,0,0,,
618,UP,Uttar Pradesh,UP_Aligarh,Aligarh,21276,0,21168,108,0,0,0,0,0,,
619,UP,Uttar Pradesh,UP_Ambedkar Nagar,Ambedkar Nagar,5036,6,4880,150,0,0,0,0,0,,
620,UP,Uttar Pradesh,UP_Amethi,Amethi,9959,0,9816,143,0,0,0,0,0,,
621,UP,Uttar Pradesh,UP_Amroha,Amroha,16614,0,16411,203,0,0,0,0,0,,
622,UP,Uttar Pradesh,UP_Auraiya,Auraiya,10085,2,9880,203,0,0,0,0,0,,
765,UP,Uttar Pradesh,UP_Ayodhya,Ayodhya,16917,0,16627,290,0,0,0,0,0,,
623,UP,Uttar Pradesh,UP_Azamgarh,Azamgarh,17901,3,17670,228,0,0,0,0,0,,
624,UP,Uttar Pradesh,UP_Baghpat,Baghpat,9131,0,8990,141,0,0,0,0,0,,
625,UP,Uttar Pradesh,UP_Bahraich,Bahraich,11548,1,11369,178,0,0,0,0,0,,
626,UP,Uttar Pradesh,UP_Ballia,Ballia,21609,0,21375,234,0,0,0,0,0,,
627,UP,Uttar Pradesh,UP_Balrampur,Balrampur,7490,1,7351,138,0,0,0,0,0,,
628,UP,Uttar Pradesh,UP_Banda,Banda,10990,0,10836,154,0,0,0,0,0,,
629,UP,Uttar Pradesh,UP_Barabanki,Barabanki,19841,9,19607,225,0,0,0,0,0,,
630,UP,Uttar Pradesh,UP_Bareilly,Bareilly,43985,6,43602,377,0,0,0,0,0,,
631,UP,Uttar Pradesh,UP_Basti,Basti,11714,0,11384,330,0,0,0,0,0,,
632,UP,Uttar Pradesh,UP_Bhadohi,Bhadohi,7718,0,7555,163,0,0,0,0,0,,
633,UP,Uttar Pradesh,UP_Bijnor,Bijnor,14790,0,14682,108,0,0,0,0,0,,
634,UP,Uttar Pradesh,UP_Budaun,Budaun,14933,5,14830,98,0,0,0,0,0,,
635,UP,Uttar Pradesh,UP_Bulandshahr,Bulandshahr,20206,1,19963,242,0,0,0,0,0,,
636,UP,Uttar Pradesh,UP_Chandauli,Chandauli,16205,1,15848,356,0,0,0,0,0,,
637,UP,Uttar Pradesh,UP_Chitrakoot,Chitrakoot,7108,0,7029,79,0,0,0,0,0,,
638,UP,Uttar Pradesh,UP_Deoria,Deoria,20210,0,19991,219,0,0,0,0,0,,
639,UP,Uttar Pradesh,UP_Etah,Etah,9967,1,9867,99,0,0,0,0,0,,
640,UP,Uttar Pradesh,UP_Etawah,Etawah,13932,2,13637,293,0,0,0,0,0,,
642,UP,Uttar Pradesh,UP_Farrukhabad,Farrukhabad,10346,3,10149,194,0,0,0,0,0,,
643,UP,Uttar Pradesh,UP_Fatehpur,Fatehpur,6811,0,6672,139,0,0,0,0,0,,
644,UP,Uttar Pradesh,UP_Firozabad,Firozabad,8718,3,8580,135,0,0,0,0,0,,
645,UP,Uttar Pradesh,UP_Gautam Buddha Nagar,Gautam Buddha Nagar,63274,21,62787,466,0,0,0,0,0,,
646,UP,Uttar Pradesh,UP_Ghaziabad,Ghaziabad,55639,7,55171,461,0,0,0,0,0,,
647,UP,Uttar Pradesh,UP_Ghazipur,Ghazipur,21638,0,21356,282,0,0,0,0,0,,
648,UP,Uttar Pradesh,UP_Gonda,Gonda,12282,0,12018,264,0,0,0,0,0,,
649,UP,Uttar Pradesh,UP_Gorakhpur,Gorakhpur,59402,7,58546,849,0,0,0,0,0,,
650,UP,Uttar Pradesh,UP_Hamirpur,Hamirpur,5232,0,5131,101,0,0,0,0,0,,
651,UP,Uttar Pradesh,UP_Hapur,Hapur,12634,1,12416,217,0,0,0,0,0,,
652,UP,Uttar Pradesh,UP_Hardoi,Hardoi,13754,0,13405,349,0,0,0,0,0,,
653,UP,Uttar Pradesh,UP_Hathras,Hathras,2920,0,2877,43,0,0,0,0,0,,
654,UP,Uttar Pradesh,UP_Jalaun,Jalaun,11671,11,11458,202,0,0,0,0,0,,
655,UP,Uttar Pradesh,UP_Jaunpur,Jaunpur,22572,1,22336,235,0,0,0,0,0,,
656,UP,Uttar Pradesh,UP_Jhansi,Jhansi,36546,1,35882,663,0,0,0,0,0,,
657,UP,Uttar Pradesh,UP_Kannauj,Kannauj,9228,4,9110,114,0,0,0,0,0,,
658,UP,Uttar Pradesh,UP_Kanpur Dehat,Kanpur Dehat,6198,1,6087,110,0,0,0,0,0,,
659,UP,Uttar Pradesh,UP_Kanpur Nagar,Kanpur Nagar,82917,5,81006,1906,0,0,0,0,0,,
660,UP,Uttar Pradesh,UP_Kasganj,Kasganj,4250,1,4196,53,0,0,0,0,0,,
661,UP,Uttar Pradesh,UP_Kaushambi,Kaushambi,4418,0,4348,70,0,0,0,0,0,,
663,UP,Uttar Pradesh,UP_Kushinagar,Kushinagar,15615,3,15384,228,0,0,0,0,0,,
662,UP,Uttar Pradesh,UP_Lakhimpur Kheri,Lakhimpur Kheri,24405,1,24112,292,0,0,0,0,0,,
664,UP,Uttar Pradesh,UP_Lalitpur,Lalitpur,12738,0,12610,128,0,0,0,0,0,,
665,UP,Uttar Pradesh,UP_Lucknow,Lucknow,238711,26,236034,2651,0,0,0,0,0,,
667,UP,Uttar Pradesh,UP_Maharajganj,Maharajganj,12429,8,12282,139,0,0,0,0,0,,
666,UP,Uttar Pradesh,UP_Mahoba,Mahoba,4268,0,4182,86,0,0,0,0,0,,
668,UP,Uttar Pradesh,UP_Mainpuri,Mainpuri,10025,10,9833,182,0,0,0,0,0,,
669,UP,Uttar Pradesh,UP_Mathura,Mathura,20282,0,19880,402,0,0,0,0,0,,
670,UP,Uttar Pradesh,UP_Mau,Mau,8328,2,8246,80,0,0,0,0,0,,
671,UP,Uttar Pradesh,UP_Meerut,Meerut,69443,7,68538,898,0,0,0,0,0,,
672,UP,Uttar Pradesh,UP_Mirzapur,Mirzapur,11085,0,10969,116,0,0,0,0,0,,
673,UP,Uttar Pradesh,UP_Moradabad,Moradabad,39098,2,38747,349,0,0,0,0,0,,
674,UP,Uttar Pradesh,UP_Muzaffarnagar,Muzaffarnagar,31004,0,30735,269,0,0,0,0,0,,
675,UP,Uttar Pradesh,UP_Pilibhit,Pilibhit,11029,0,10836,193,0,0,0,0,0,,
676,UP,Uttar Pradesh,UP_Pratapgarh,Pratapgarh,16033,1,15871,161,0,0,0,0,0,,
677,UP,Uttar Pradesh,UP_Prayagraj,Prayagraj,78648,24,77540,1084,0,0,0,0,0,,
678,UP,Uttar Pradesh,UP_Rae Bareli,Rae Bareli,17099,19,16745,335,0,0,0,0,0,,
679,UP,Uttar Pradesh,UP_Rampur,Rampur,11824,0,11676,148,0,0,0,0,0,,
680,UP,Uttar Pradesh,UP_Saharanpur,Saharanpur,32727,2,32305,420,0,0,0,0,0,,
681,UP,Uttar Pradesh,UP_Sambhal,Sambhal,9437,1,9330,106,0,0,0,0,0,,
682,UP,Uttar Pradesh,UP_Sant Kabir Nagar,Sant Kabir Nagar,8158,2,8058,98,0,0,0,0,0,,
683,UP,Uttar Pradesh,UP_Shahjahanpur,Shahjahanpur,20357,2,19912,443,0,0,0,0,0,,
684,UP,Uttar Pradesh,UP_Shamli,Shamli,12975,0,12930,45,0,0,0,0,0,,
685,UP,Uttar Pradesh,UP_Shrawasti,Shrawasti,4388,2,4351,35,0,0,0,0,0,,
686,UP,Uttar Pradesh,UP_Siddharthnagar,Siddharthnagar,9369,2,9267,100,0,0,0,0,0,,
687,UP,Uttar Pradesh,UP_Sitapur,Sitapur,12394,0,12209,185,0,0,0,0,0,,
688,UP,Uttar Pradesh,UP_Sonbhadra,Sonbhadra,16805,0,16554,251,0,0,0,0,0,,
689,UP,Uttar Pradesh,UP_Sultanpur,Sultanpur,14914,1,14775,138,0,0,0,0,0,,
690,UP,Uttar Pradesh,UP_Unnao,Unnao,15006,2,14750,254,0,0,0,0,0,,
691,UP,Uttar Pradesh,UP_Varanasi,Varanasi,85489,8,84510,971,0,0,0,0,0,,
692,UT,Uttarakhand,UT_Almora,Almora,12155,7,11346,195,607,0,0,0,0,,
693,UT,Uttarakhand,UT_Bageshwar,Bageshwar,5753,4,5664,60,25,0,0,0,0,,
694,UT,Uttarakhand,UT_Chamoli,Chamoli,12192,42,11885,62,203,0,0,0,0,,
695,UT,Uttarakhand,UT_Champawat,Champawat,7560,22,7314,53,171,0,0,0,0,,
696,UT,Uttarakhand,UT_Dehradun,Dehradun,112102,159,107852,3515,576,0,0,0,0,,
697,UT,Uttarakhand,UT_Haridwar,Haridwar,51435,15,49044,1016,1360,0,0,0,0,,
698,UT,Uttarakhand,UT_Nainital,Nainital,39137,26,38037,944,130,0,0,0,0,,
699,UT,Uttarakhand,UT_Pauri Garhwal,Pauri Garhwal,17619,63,16540,315,701,0,0,0,0,,
700,UT,Uttarakhand,UT_Pithoragarh,Pithoragarh,10204,20,9897,180,107,0,0,0,0,,
701,UT,Uttarakhand,UT_Rudraprayag,Rudraprayag,8766,10,8505,106,145,0,0,0,0,,
702,UT,Uttarakhand,UT_Tehri Garhwal,Tehri Garhwal,15821,1,14823,107,890,0,0,0,0,,
703,UT,Uttarakhand,UT_Udham Singh Nagar,Udham Singh Nagar,37856,7,36292,761,796,0,0,0,0,,
704,UT,Uttarakhand,UT_Uttarkashi,Uttarkashi,12500,13,12072,74,341,0,0,0,0,,
705,WB,West Bengal,WB_Alipurduar,Alipurduar,15257,129,15029,99,0,0,0,0,0,,
706,WB,West Bengal,WB_Bankura,Bankura,35278,297,34715,266,0,0,0,0,0,,
707,WB,West Bengal,WB_Birbhum,Birbhum,40580,90,40205,285,0,0,0,0,0,,
708,WB,West Bengal,WB_Cooch Behar,Cooch Behar,28551,312,28144,95,0,0,0,0,0,,
709,WB,West Bengal,WB_Dakshin Dinajpur,Dakshin Dinajpur,17174,113,16892,169,0,0,0,0,0,,
710,WB,West Bengal,WB_Darjeeling,Darjeeling,55377,676,54183,518,0,0,0,0,0,,
711,WB,West Bengal,WB_Hooghly,Hooghly,83190,553,81695,942,0,0,0,0,0,,
712,WB,West Bengal,WB_Howrah,Howrah,95823,516,93809,1498,0,0,0,0,0,,
713,WB,West Bengal,WB_Jalpaiguri,Jalpaiguri,40928,343,40032,553,0,0,0,0,0,,
714,WB,West Bengal,WB_Jhargram,Jhargram,11762,189,11546,27,0,0,0,0,0,,
715,WB,West Bengal,WB_Kalimpong,Kalimpong,6750,132,6566,52,0,0,0,0,0,,
716,WB,West Bengal,WB_Kolkata,Kolkata,313463,1215,307233,5015,0,0,0,0,0,,
717,WB,West Bengal,WB_Malda,Malda,32854,76,32593,185,0,0,0,0,0,,
719,WB,West Bengal,WB_Murshidabad,Murshidabad,33746,56,33365,325,0,0,0,0,0,,
720,WB,West Bengal,WB_Nadia,Nadia,70716,560,69394,762,0,0,0,0,0,,
721,WB,West Bengal,WB_North 24 Parganas,North 24 Parganas,322396,1198,316552,4646,0,0,0,0,0,,
0,WB,West Bengal,WB_Other State,Other State,66,0,63,3,0,0,0,0,0,,
722,WB,West Bengal,WB_Paschim Bardhaman,Paschim Bardhaman,56789,208,56230,351,0,0,0,0,0,,
718,WB,West Bengal,WB_Paschim Medinipur,Paschim Medinipur,51981,459,51021,501,0,0,0,0,0,,
723,WB,West Bengal,WB_Purba Bardhaman,Purba Bardhaman,40694,259,40247,188,0,0,0,0,0,,
724,WB,West Bengal,WB_Purba Medinipur,Purba Medinipur,61835,500,60951,384,0,0,0,0,0,,
725,WB,West Bengal,WB_Purulia,Purulia,19298,51,19134,113,0,0,0,0,0,,
726,WB,West Bengal,WB_South 24 Parganas,South 24 Parganas,97919,642,95987,1290,0,0,0,0,0,,
727,WB,West Bengal,WB_Uttar Dinajpur,Uttar Dinajpur,19644,78,19331,235,0,0,0,0,0,,
728,AN,Andaman and Nicobar Islands,AN_Unknown,Unknown,7520,-13,7404,129,0,0,0,0,0,,
729,AP,Andhra Pradesh,AP_Unknown,Unknown,0,0,0,0,0,0,0,0,0,,
730,AR,Arunachal Pradesh,AR_Unknown,Unknown,0,0,0,0,0,0,0,0,0,,
731,AS,Assam,AS_Unknown,Unknown,112271,-424257,534012,1169,1347,0,0,0,0,,
732,BR,Bihar,BR_Unknown,Unknown,0,0,0,0,0,0,0,0,0,,
733,CH,Chandigarh,CH_Unknown,Unknown,0,0,0,0,0,0,0,0,0,,
734,CT,Chhattisgarh,CT_Unknown,Unknown,0,0,0,0,0,0,0,0,0,,
735,DN,Dadra and Nagar Haveli and Daman and Diu,DN_Unknown,Unknown,0,0,0,0,0,0,0,0,0,,
737,DL,Delhi,DL_Unknown,Unknown,1437171,-436,1412526,25081,0,0,0,0,0,,
738,GA,Goa,GA_Unknown,Unknown,168040,-2726,167750,3016,0,0,0,0,0,,
739,GJ,Gujarat,GJ_Unknown,Unknown,0,0,0,0,0,0,0,0,0,,
740,HR,Haryana,HR_Unknown,Unknown,0,0,0,0,0,0,0,0,0,,
741,HP,Himachal Pradesh,HP_Unknown,Unknown,0,0,0,0,0,0,0,0,0,,
742,JK,Jammu and Kashmir,JK_Unknown,Unknown,0,0,0,0,0,0,0,0,0,,
743,JH,Jharkhand,JH_Unknown,Unknown,0,0,0,0,0,0,0,0,0,,
744,KA,Karnataka,KA_Unknown,Unknown,0,0,0,0,0,0,0,0,0,,
745,KL,Kerala,KL_Unknown,Unknown,0,0,0,0,0,0,0,0,0,,
746,LA,Ladakh,LA_Unknown,Unknown,0,0,0,0,0,0,0,0,0,,
747,LD,Lakshadweep,LD_Unknown,Unknown,0,-1,0,1,0,0,0,0,0,,
748,MP,Madhya Pradesh,MP_Unknown,Unknown,1384,-1139,1038,1485,0,0,0,0,0,,
749,MH,Maharashtra,MH_Unknown,Unknown,0,0,0,0,0,0,0,0,0,,
750,MN,Manipur,MN_Unknown,Unknown,1697,-106529,108133,93,0,0,0,0,0,,
751,ML,Meghalaya,ML_Unknown,Unknown,0,0,0,0,0,0,0,0,0,,
752,MZ,Mizoram,MZ_Unknown,Unknown,0,0,0,0,0,0,0,0,0,,
753,NL,Nagaland,NL_Unknown,Unknown,0,0,0,0,0,0,0,0,0,,
754,OR,Odisha,OR_Unknown,Unknown,0,0,0,0,0,0,0,0,0,,
755,PY,Puducherry,PY_Unknown,Unknown,0,0,0,0,0,0,0,0,0,,
756,PB,Punjab,PB_Unknown,Unknown,0,0,0,0,0,0,0,0,0,,
757,RJ,Rajasthan,RJ_Unknown,Unknown,0,0,0,0,0,0,0,0,0,,
758,SK,Sikkim,SK_Unknown,Unknown,583,-22831,23053,203,158,0,0,0,0,,
759,TN,Tamil Nadu,TN_Unknown,Unknown,0,0,0,0,0,0,0,0,0,,
760,TG,Telangana,TG_Unknown,Unknown,1373,-652044,649563,3854,0,0,0,0,0,,
761,TR,Tripura,TR_Unknown,Unknown,0,0,0,0,0,0,0,0,0,,
762,UP,Uttar Pradesh,UP_Unknown,Unknown,0,0,0,0,0,0,0,0,0,,
763,UT,Uttarakhand,UT_Unknown,Unknown,0,0,0,0,0,0,0,0,0,,
764,WB,West Bengal,WB_Unknown,Unknown,0,0,0,0,0,0,0,0,0,,